ISO-10303-21;
HEADER;
FILE_DESCRIPTION(('KiCad electronic assembly'),'2;1');
FILE_NAME('A1-Toolheadboard.step','2026-04-26T21:38:08',('Pcbnew'),(
    'Kicad'),'Open CASCADE STEP processor 7.9','KiCad to STEP converter'
  ,'Unknown');
FILE_SCHEMA(('AUTOMOTIVE_DESIGN { 1 0 10303 214 1 1 1 1 }'));
ENDSEC;
DATA;
#1 = APPLICATION_PROTOCOL_DEFINITION('international standard',
  'automotive_design',2000,#2);
#2 = APPLICATION_CONTEXT(
  'core data for automotive mechanical design processes');
#3 = SHAPE_DEFINITION_REPRESENTATION(#4,#10);
#4 = PRODUCT_DEFINITION_SHAPE('','',#5);
#5 = PRODUCT_DEFINITION('design','',#6,#9);
#6 = PRODUCT_DEFINITION_FORMATION('','',#7);
#7 = PRODUCT('A1-Toolheadboard 1','A1-Toolheadboard 1','',(#8));
#8 = PRODUCT_CONTEXT('',#2,'mechanical');
#9 = PRODUCT_DEFINITION_CONTEXT('part definition',#2,'design');
#10 = SHAPE_REPRESENTATION('',(#11,#15),#19);
#11 = AXIS2_PLACEMENT_3D('',#12,#13,#14);
#12 = CARTESIAN_POINT('',(0.,0.,0.));
#13 = DIRECTION('',(0.,0.,1.));
#14 = DIRECTION('',(1.,0.,-0.));
#15 = AXIS2_PLACEMENT_3D('',#16,#17,#18);
#16 = CARTESIAN_POINT('',(0.,0.,0.));
#17 = DIRECTION('',(0.,0.,1.));
#18 = DIRECTION('',(1.,0.,-0.));
#19 = ( GEOMETRIC_REPRESENTATION_CONTEXT(3) 
GLOBAL_UNCERTAINTY_ASSIGNED_CONTEXT((#23)) GLOBAL_UNIT_ASSIGNED_CONTEXT(
(#20,#21,#22)) REPRESENTATION_CONTEXT('Context #1',
  '3D Context with UNIT and UNCERTAINTY') );
#20 = ( LENGTH_UNIT() NAMED_UNIT(*) SI_UNIT(.MILLI.,.METRE.) );
#21 = ( NAMED_UNIT(*) PLANE_ANGLE_UNIT() SI_UNIT($,.RADIAN.) );
#22 = ( NAMED_UNIT(*) SI_UNIT($,.STERADIAN.) SOLID_ANGLE_UNIT() );
#23 = UNCERTAINTY_MEASURE_WITH_UNIT(LENGTH_MEASURE(1.E-07),#20,
  'distance_accuracy_value','confusion accuracy');
#24 = PRODUCT_RELATED_PRODUCT_CATEGORY('part',$,(#7));
#25 = SHAPE_DEFINITION_REPRESENTATION(#26,#32);
#26 = PRODUCT_DEFINITION_SHAPE('','',#27);
#27 = PRODUCT_DEFINITION('design','',#28,#31);
#28 = PRODUCT_DEFINITION_FORMATION('','',#29);
#29 = PRODUCT('A1-Toolhead-Board_PCB','A1-Toolhead-Board_PCB','',(#30));
#30 = PRODUCT_CONTEXT('',#2,'mechanical');
#31 = PRODUCT_DEFINITION_CONTEXT('part definition',#2,'design');
#32 = ADVANCED_BREP_SHAPE_REPRESENTATION('',(#11,#33),#3509);
#33 = MANIFOLD_SOLID_BREP('',#34);
#34 = CLOSED_SHELL('',(#35,#75,#106,#137,#1052,#1967,#1984,#2001,#2018,
    #2035,#2052,#2069,#2086,#2103,#2120,#2137,#2154,#2171,#2188,#2205,
    #2222,#2239,#2256,#2273,#2290,#2307,#2319,#2336,#2353,#2370,#2387,
    #2404,#2421,#2438,#2455,#2472,#2489,#2506,#2523,#2540,#2557,#2574,
    #2591,#2608,#2625,#2642,#2659,#2676,#2693,#2710,#2727,#2744,#2761,
    #2778,#2795,#2812,#2829,#2846,#2863,#2880,#2897,#2914,#2931,#2948,
    #2965,#2982,#2999,#3016,#3033,#3050,#3072,#3089,#3106,#3118,#3135,
    #3157,#3174,#3191,#3203,#3220,#3237,#3254,#3271,#3288,#3305,#3322,
    #3344,#3361,#3378,#3390,#3412,#3429,#3446,#3458,#3475,#3492));
#35 = ADVANCED_FACE('',(#36),#70,.T.);
#36 = FACE_BOUND('',#37,.T.);
#37 = EDGE_LOOP('',(#38,#48,#56,#64));
#38 = ORIENTED_EDGE('',*,*,#39,.T.);
#39 = EDGE_CURVE('',#40,#42,#44,.T.);
#40 = VERTEX_POINT('',#41);
#41 = CARTESIAN_POINT('',(177.2,-62.7,0.));
#42 = VERTEX_POINT('',#43);
#43 = CARTESIAN_POINT('',(177.2,-62.7,1.51));
#44 = LINE('',#45,#46);
#45 = CARTESIAN_POINT('',(177.2,-62.7,0.));
#46 = VECTOR('',#47,1.);
#47 = DIRECTION('',(0.,0.,1.));
#48 = ORIENTED_EDGE('',*,*,#49,.T.);
#49 = EDGE_CURVE('',#42,#50,#52,.T.);
#50 = VERTEX_POINT('',#51);
#51 = CARTESIAN_POINT('',(187.6,-62.7,1.51));
#52 = LINE('',#53,#54);
#53 = CARTESIAN_POINT('',(177.2,-62.7,1.51));
#54 = VECTOR('',#55,1.);
#55 = DIRECTION('',(1.,0.,0.));
#56 = ORIENTED_EDGE('',*,*,#57,.F.);
#57 = EDGE_CURVE('',#58,#50,#60,.T.);
#58 = VERTEX_POINT('',#59);
#59 = CARTESIAN_POINT('',(187.6,-62.7,0.));
#60 = LINE('',#61,#62);
#61 = CARTESIAN_POINT('',(187.6,-62.7,0.));
#62 = VECTOR('',#63,1.);
#63 = DIRECTION('',(0.,0.,1.));
#64 = ORIENTED_EDGE('',*,*,#65,.F.);
#65 = EDGE_CURVE('',#40,#58,#66,.T.);
#66 = LINE('',#67,#68);
#67 = CARTESIAN_POINT('',(177.2,-62.7,0.));
#68 = VECTOR('',#69,1.);
#69 = DIRECTION('',(1.,0.,0.));
#70 = PLANE('',#71);
#71 = AXIS2_PLACEMENT_3D('',#72,#73,#74);
#72 = CARTESIAN_POINT('',(177.2,-62.7,0.));
#73 = DIRECTION('',(0.,1.,0.));
#74 = DIRECTION('',(1.,0.,0.));
#75 = ADVANCED_FACE('',(#76),#101,.T.);
#76 = FACE_BOUND('',#77,.T.);
#77 = EDGE_LOOP('',(#78,#88,#94,#95));
#78 = ORIENTED_EDGE('',*,*,#79,.T.);
#79 = EDGE_CURVE('',#80,#82,#84,.T.);
#80 = VERTEX_POINT('',#81);
#81 = CARTESIAN_POINT('',(177.2,-60.2,0.));
#82 = VERTEX_POINT('',#83);
#83 = CARTESIAN_POINT('',(177.2,-60.2,1.51));
#84 = LINE('',#85,#86);
#85 = CARTESIAN_POINT('',(177.2,-60.2,0.));
#86 = VECTOR('',#87,1.);
#87 = DIRECTION('',(0.,0.,1.));
#88 = ORIENTED_EDGE('',*,*,#89,.T.);
#89 = EDGE_CURVE('',#82,#42,#90,.T.);
#90 = LINE('',#91,#92);
#91 = CARTESIAN_POINT('',(177.2,-60.2,1.51));
#92 = VECTOR('',#93,1.);
#93 = DIRECTION('',(0.,-1.,0.));
#94 = ORIENTED_EDGE('',*,*,#39,.F.);
#95 = ORIENTED_EDGE('',*,*,#96,.F.);
#96 = EDGE_CURVE('',#80,#40,#97,.T.);
#97 = LINE('',#98,#99);
#98 = CARTESIAN_POINT('',(177.2,-60.2,0.));
#99 = VECTOR('',#100,1.);
#100 = DIRECTION('',(0.,-1.,0.));
#101 = PLANE('',#102);
#102 = AXIS2_PLACEMENT_3D('',#103,#104,#105);
#103 = CARTESIAN_POINT('',(177.2,-60.2,0.));
#104 = DIRECTION('',(1.,0.,-0.));
#105 = DIRECTION('',(0.,-1.,0.));
#106 = ADVANCED_FACE('',(#107),#132,.T.);
#107 = FACE_BOUND('',#108,.T.);
#108 = EDGE_LOOP('',(#109,#110,#118,#126));
#109 = ORIENTED_EDGE('',*,*,#57,.T.);
#110 = ORIENTED_EDGE('',*,*,#111,.T.);
#111 = EDGE_CURVE('',#50,#112,#114,.T.);
#112 = VERTEX_POINT('',#113);
#113 = CARTESIAN_POINT('',(187.6,-60.2,1.51));
#114 = LINE('',#115,#116);
#115 = CARTESIAN_POINT('',(187.6,-62.7,1.51));
#116 = VECTOR('',#117,1.);
#117 = DIRECTION('',(0.,1.,0.));
#118 = ORIENTED_EDGE('',*,*,#119,.F.);
#119 = EDGE_CURVE('',#120,#112,#122,.T.);
#120 = VERTEX_POINT('',#121);
#121 = CARTESIAN_POINT('',(187.6,-60.2,0.));
#122 = LINE('',#123,#124);
#123 = CARTESIAN_POINT('',(187.6,-60.2,0.));
#124 = VECTOR('',#125,1.);
#125 = DIRECTION('',(0.,0.,1.));
#126 = ORIENTED_EDGE('',*,*,#127,.F.);
#127 = EDGE_CURVE('',#58,#120,#128,.T.);
#128 = LINE('',#129,#130);
#129 = CARTESIAN_POINT('',(187.6,-62.7,0.));
#130 = VECTOR('',#131,1.);
#131 = DIRECTION('',(0.,1.,0.));
#132 = PLANE('',#133);
#133 = AXIS2_PLACEMENT_3D('',#134,#135,#136);
#134 = CARTESIAN_POINT('',(187.6,-62.7,0.));
#135 = DIRECTION('',(-1.,0.,0.));
#136 = DIRECTION('',(0.,1.,0.));
#137 = ADVANCED_FACE('',(#138,#309,#320,#331,#342,#353,#364,#375,#386,
    #397,#408,#419,#430,#441,#452,#463,#474,#485,#496,#507,#518,#529,
    #540,#551,#562,#573,#584,#595,#606,#617,#628,#639,#650,#661,#672,
    #683,#694,#705,#716,#727,#738,#749,#760,#771,#782,#818,#829,#865,
    #876,#887,#898,#909,#920,#931,#942,#978,#1014,#1025,#1036),#1047,.F.
  );
#138 = FACE_BOUND('',#139,.F.);
#139 = EDGE_LOOP('',(#140,#141,#142,#150,#158,#166,#174,#182,#190,#198,
    #206,#214,#222,#230,#238,#246,#254,#262,#270,#278,#286,#294,#302,
    #308));
#140 = ORIENTED_EDGE('',*,*,#65,.F.);
#141 = ORIENTED_EDGE('',*,*,#96,.F.);
#142 = ORIENTED_EDGE('',*,*,#143,.F.);
#143 = EDGE_CURVE('',#144,#80,#146,.T.);
#144 = VERTEX_POINT('',#145);
#145 = CARTESIAN_POINT('',(172.1,-60.2,0.));
#146 = LINE('',#147,#148);
#147 = CARTESIAN_POINT('',(172.1,-60.2,0.));
#148 = VECTOR('',#149,1.);
#149 = DIRECTION('',(1.,0.,0.));
#150 = ORIENTED_EDGE('',*,*,#151,.F.);
#151 = EDGE_CURVE('',#152,#144,#154,.T.);
#152 = VERTEX_POINT('',#153);
#153 = CARTESIAN_POINT('',(170.2,-61.9,0.));
#154 = LINE('',#155,#156);
#155 = CARTESIAN_POINT('',(170.2,-61.9,0.));
#156 = VECTOR('',#157,1.);
#157 = DIRECTION('',(0.745241313525,0.66679485947,0.));
#158 = ORIENTED_EDGE('',*,*,#159,.F.);
#159 = EDGE_CURVE('',#160,#152,#162,.T.);
#160 = VERTEX_POINT('',#161);
#161 = CARTESIAN_POINT('',(170.25,-95.8,0.));
#162 = LINE('',#163,#164);
#163 = CARTESIAN_POINT('',(170.25,-95.8,0.));
#164 = VECTOR('',#165,1.);
#165 = DIRECTION('',(-1.474924649407E-03,0.999998912298,0.));
#166 = ORIENTED_EDGE('',*,*,#167,.F.);
#167 = EDGE_CURVE('',#168,#160,#170,.T.);
#168 = VERTEX_POINT('',#169);
#169 = CARTESIAN_POINT('',(174.5,-95.8,0.));
#170 = LINE('',#171,#172);
#171 = CARTESIAN_POINT('',(174.5,-95.8,0.));
#172 = VECTOR('',#173,1.);
#173 = DIRECTION('',(-1.,0.,0.));
#174 = ORIENTED_EDGE('',*,*,#175,.F.);
#175 = EDGE_CURVE('',#176,#168,#178,.T.);
#176 = VERTEX_POINT('',#177);
#177 = CARTESIAN_POINT('',(174.5,-103.8,0.));
#178 = LINE('',#179,#180);
#179 = CARTESIAN_POINT('',(174.5,-103.8,0.));
#180 = VECTOR('',#181,1.);
#181 = DIRECTION('',(0.,1.,0.));
#182 = ORIENTED_EDGE('',*,*,#183,.F.);
#183 = EDGE_CURVE('',#184,#176,#186,.T.);
#184 = VERTEX_POINT('',#185);
#185 = CARTESIAN_POINT('',(180.1,-103.8,0.));
#186 = LINE('',#187,#188);
#187 = CARTESIAN_POINT('',(180.1,-103.8,0.));
#188 = VECTOR('',#189,1.);
#189 = DIRECTION('',(-1.,0.,0.));
#190 = ORIENTED_EDGE('',*,*,#191,.F.);
#191 = EDGE_CURVE('',#192,#184,#194,.T.);
#192 = VERTEX_POINT('',#193);
#193 = CARTESIAN_POINT('',(180.1,-102.3,0.));
#194 = LINE('',#195,#196);
#195 = CARTESIAN_POINT('',(180.1,-102.3,0.));
#196 = VECTOR('',#197,1.);
#197 = DIRECTION('',(0.,-1.,0.));
#198 = ORIENTED_EDGE('',*,*,#199,.F.);
#199 = EDGE_CURVE('',#200,#192,#202,.T.);
#200 = VERTEX_POINT('',#201);
#201 = CARTESIAN_POINT('',(184.7,-102.3,0.));
#202 = LINE('',#203,#204);
#203 = CARTESIAN_POINT('',(184.7,-102.3,0.));
#204 = VECTOR('',#205,1.);
#205 = DIRECTION('',(-1.,0.,0.));
#206 = ORIENTED_EDGE('',*,*,#207,.F.);
#207 = EDGE_CURVE('',#208,#200,#210,.T.);
#208 = VERTEX_POINT('',#209);
#209 = CARTESIAN_POINT('',(184.7,-103.8,0.));
#210 = LINE('',#211,#212);
#211 = CARTESIAN_POINT('',(184.7,-103.8,0.));
#212 = VECTOR('',#213,1.);
#213 = DIRECTION('',(0.,1.,0.));
#214 = ORIENTED_EDGE('',*,*,#215,.F.);
#215 = EDGE_CURVE('',#216,#208,#218,.T.);
#216 = VERTEX_POINT('',#217);
#217 = CARTESIAN_POINT('',(215.8,-103.7,0.));
#218 = LINE('',#219,#220);
#219 = CARTESIAN_POINT('',(215.8,-103.7,0.));
#220 = VECTOR('',#221,1.);
#221 = DIRECTION('',(-0.999994830532,-3.215417461517E-03,0.));
#222 = ORIENTED_EDGE('',*,*,#223,.F.);
#223 = EDGE_CURVE('',#224,#216,#226,.T.);
#224 = VERTEX_POINT('',#225);
#225 = CARTESIAN_POINT('',(215.8,-95.3,0.));
#226 = LINE('',#227,#228);
#227 = CARTESIAN_POINT('',(215.8,-95.3,0.));
#228 = VECTOR('',#229,1.);
#229 = DIRECTION('',(0.,-1.,0.));
#230 = ORIENTED_EDGE('',*,*,#231,.F.);
#231 = EDGE_CURVE('',#232,#224,#234,.T.);
#232 = VERTEX_POINT('',#233);
#233 = CARTESIAN_POINT('',(218.3,-95.3,0.));
#234 = LINE('',#235,#236);
#235 = CARTESIAN_POINT('',(218.3,-95.3,0.));
#236 = VECTOR('',#237,1.);
#237 = DIRECTION('',(-1.,0.,0.));
#238 = ORIENTED_EDGE('',*,*,#239,.F.);
#239 = EDGE_CURVE('',#240,#232,#242,.T.);
#240 = VERTEX_POINT('',#241);
#241 = CARTESIAN_POINT('',(218.3,-92.3,0.));
#242 = LINE('',#243,#244);
#243 = CARTESIAN_POINT('',(218.3,-92.3,0.));
#244 = VECTOR('',#245,1.);
#245 = DIRECTION('',(0.,-1.,0.));
#246 = ORIENTED_EDGE('',*,*,#247,.F.);
#247 = EDGE_CURVE('',#248,#240,#250,.T.);
#248 = VERTEX_POINT('',#249);
#249 = CARTESIAN_POINT('',(219.8,-92.3,0.));
#250 = LINE('',#251,#252);
#251 = CARTESIAN_POINT('',(219.8,-92.3,0.));
#252 = VECTOR('',#253,1.);
#253 = DIRECTION('',(-1.,0.,0.));
#254 = ORIENTED_EDGE('',*,*,#255,.F.);
#255 = EDGE_CURVE('',#256,#248,#258,.T.);
#256 = VERTEX_POINT('',#257);
#257 = CARTESIAN_POINT('',(219.8,-62.,0.));
#258 = LINE('',#259,#260);
#259 = CARTESIAN_POINT('',(219.8,-62.,0.));
#260 = VECTOR('',#261,1.);
#261 = DIRECTION('',(0.,-1.,0.));
#262 = ORIENTED_EDGE('',*,*,#263,.F.);
#263 = EDGE_CURVE('',#264,#256,#266,.T.);
#264 = VERTEX_POINT('',#265);
#265 = CARTESIAN_POINT('',(218.,-60.2,0.));
#266 = LINE('',#267,#268);
#267 = CARTESIAN_POINT('',(218.,-60.2,0.));
#268 = VECTOR('',#269,1.);
#269 = DIRECTION('',(0.707106781187,-0.707106781187,0.));
#270 = ORIENTED_EDGE('',*,*,#271,.F.);
#271 = EDGE_CURVE('',#272,#264,#274,.T.);
#272 = VERTEX_POINT('',#273);
#273 = CARTESIAN_POINT('',(212.7,-60.2,0.));
#274 = LINE('',#275,#276);
#275 = CARTESIAN_POINT('',(212.7,-60.2,0.));
#276 = VECTOR('',#277,1.);
#277 = DIRECTION('',(1.,0.,0.));
#278 = ORIENTED_EDGE('',*,*,#279,.F.);
#279 = EDGE_CURVE('',#280,#272,#282,.T.);
#280 = VERTEX_POINT('',#281);
#281 = CARTESIAN_POINT('',(212.7,-61.6,0.));
#282 = LINE('',#283,#284);
#283 = CARTESIAN_POINT('',(212.7,-61.6,0.));
#284 = VECTOR('',#285,1.);
#285 = DIRECTION('',(0.,1.,0.));
#286 = ORIENTED_EDGE('',*,*,#287,.F.);
#287 = EDGE_CURVE('',#288,#280,#290,.T.);
#288 = VERTEX_POINT('',#289);
#289 = CARTESIAN_POINT('',(208.8,-61.6,0.));
#290 = LINE('',#291,#292);
#291 = CARTESIAN_POINT('',(208.8,-61.6,0.));
#292 = VECTOR('',#293,1.);
#293 = DIRECTION('',(1.,0.,0.));
#294 = ORIENTED_EDGE('',*,*,#295,.F.);
#295 = EDGE_CURVE('',#296,#288,#298,.T.);
#296 = VERTEX_POINT('',#297);
#297 = CARTESIAN_POINT('',(208.8,-60.2,0.));
#298 = LINE('',#299,#300);
#299 = CARTESIAN_POINT('',(208.8,-60.2,0.));
#300 = VECTOR('',#301,1.);
#301 = DIRECTION('',(0.,-1.,0.));
#302 = ORIENTED_EDGE('',*,*,#303,.F.);
#303 = EDGE_CURVE('',#120,#296,#304,.T.);
#304 = LINE('',#305,#306);
#305 = CARTESIAN_POINT('',(187.6,-60.2,0.));
#306 = VECTOR('',#307,1.);
#307 = DIRECTION('',(1.,0.,0.));
#308 = ORIENTED_EDGE('',*,*,#127,.F.);
#309 = FACE_BOUND('',#310,.F.);
#310 = EDGE_LOOP('',(#311));
#311 = ORIENTED_EDGE('',*,*,#312,.T.);
#312 = EDGE_CURVE('',#313,#313,#315,.T.);
#313 = VERTEX_POINT('',#314);
#314 = CARTESIAN_POINT('',(178.,-100.75,0.));
#315 = CIRCLE('',#316,0.75);
#316 = AXIS2_PLACEMENT_3D('',#317,#318,#319);
#317 = CARTESIAN_POINT('',(178.,-100.,0.));
#318 = DIRECTION('',(-0.,0.,-1.));
#319 = DIRECTION('',(-0.,-1.,0.));
#320 = FACE_BOUND('',#321,.F.);
#321 = EDGE_LOOP('',(#322));
#322 = ORIENTED_EDGE('',*,*,#323,.T.);
#323 = EDGE_CURVE('',#324,#324,#326,.T.);
#324 = VERTEX_POINT('',#325);
#325 = CARTESIAN_POINT('',(187.62,-102.3,0.));
#326 = CIRCLE('',#327,0.5);
#327 = AXIS2_PLACEMENT_3D('',#328,#329,#330);
#328 = CARTESIAN_POINT('',(187.62,-101.8,0.));
#329 = DIRECTION('',(-0.,0.,-1.));
#330 = DIRECTION('',(-0.,-1.,0.));
#331 = FACE_BOUND('',#332,.F.);
#332 = EDGE_LOOP('',(#333));
#333 = ORIENTED_EDGE('',*,*,#334,.T.);
#334 = EDGE_CURVE('',#335,#335,#337,.T.);
#335 = VERTEX_POINT('',#336);
#336 = CARTESIAN_POINT('',(190.16,-102.3,0.));
#337 = CIRCLE('',#338,0.5);
#338 = AXIS2_PLACEMENT_3D('',#339,#340,#341);
#339 = CARTESIAN_POINT('',(190.16,-101.8,0.));
#340 = DIRECTION('',(-0.,0.,-1.));
#341 = DIRECTION('',(-0.,-1.,0.));
#342 = FACE_BOUND('',#343,.F.);
#343 = EDGE_LOOP('',(#344));
#344 = ORIENTED_EDGE('',*,*,#345,.T.);
#345 = EDGE_CURVE('',#346,#346,#348,.T.);
#346 = VERTEX_POINT('',#347);
#347 = CARTESIAN_POINT('',(192.7,-102.3,0.));
#348 = CIRCLE('',#349,0.5);
#349 = AXIS2_PLACEMENT_3D('',#350,#351,#352);
#350 = CARTESIAN_POINT('',(192.7,-101.8,0.));
#351 = DIRECTION('',(-0.,0.,-1.));
#352 = DIRECTION('',(-0.,-1.,0.));
#353 = FACE_BOUND('',#354,.F.);
#354 = EDGE_LOOP('',(#355));
#355 = ORIENTED_EDGE('',*,*,#356,.T.);
#356 = EDGE_CURVE('',#357,#357,#359,.T.);
#357 = VERTEX_POINT('',#358);
#358 = CARTESIAN_POINT('',(190.18,-98.7,0.));
#359 = CIRCLE('',#360,0.5);
#360 = AXIS2_PLACEMENT_3D('',#361,#362,#363);
#361 = CARTESIAN_POINT('',(190.18,-98.2,0.));
#362 = DIRECTION('',(-0.,0.,-1.));
#363 = DIRECTION('',(-0.,-1.,0.));
#364 = FACE_BOUND('',#365,.F.);
#365 = EDGE_LOOP('',(#366));
#366 = ORIENTED_EDGE('',*,*,#367,.T.);
#367 = EDGE_CURVE('',#368,#368,#370,.T.);
#368 = VERTEX_POINT('',#369);
#369 = CARTESIAN_POINT('',(192.72,-98.7,0.));
#370 = CIRCLE('',#371,0.5);
#371 = AXIS2_PLACEMENT_3D('',#372,#373,#374);
#372 = CARTESIAN_POINT('',(192.72,-98.2,0.));
#373 = DIRECTION('',(-0.,0.,-1.));
#374 = DIRECTION('',(-0.,-1.,0.));
#375 = FACE_BOUND('',#376,.F.);
#376 = EDGE_LOOP('',(#377));
#377 = ORIENTED_EDGE('',*,*,#378,.T.);
#378 = EDGE_CURVE('',#379,#379,#381,.T.);
#379 = VERTEX_POINT('',#380);
#380 = CARTESIAN_POINT('',(193.8,-93.14,0.));
#381 = CIRCLE('',#382,0.5);
#382 = AXIS2_PLACEMENT_3D('',#383,#384,#385);
#383 = CARTESIAN_POINT('',(193.8,-92.64,0.));
#384 = DIRECTION('',(-0.,0.,-1.));
#385 = DIRECTION('',(-0.,-1.,0.));
#386 = FACE_BOUND('',#387,.F.);
#387 = EDGE_LOOP('',(#388));
#388 = ORIENTED_EDGE('',*,*,#389,.T.);
#389 = EDGE_CURVE('',#390,#390,#392,.T.);
#390 = VERTEX_POINT('',#391);
#391 = CARTESIAN_POINT('',(176.,-89.05,0.));
#392 = CIRCLE('',#393,0.15);
#393 = AXIS2_PLACEMENT_3D('',#394,#395,#396);
#394 = CARTESIAN_POINT('',(176.,-88.9,0.));
#395 = DIRECTION('',(-0.,0.,-1.));
#396 = DIRECTION('',(-0.,-1.,0.));
#397 = FACE_BOUND('',#398,.F.);
#398 = EDGE_LOOP('',(#399));
#399 = ORIENTED_EDGE('',*,*,#400,.T.);
#400 = EDGE_CURVE('',#401,#401,#403,.T.);
#401 = VERTEX_POINT('',#402);
#402 = CARTESIAN_POINT('',(176.9,-89.05,0.));
#403 = CIRCLE('',#404,0.15);
#404 = AXIS2_PLACEMENT_3D('',#405,#406,#407);
#405 = CARTESIAN_POINT('',(176.9,-88.9,0.));
#406 = DIRECTION('',(-0.,0.,-1.));
#407 = DIRECTION('',(-0.,-1.,0.));
#408 = FACE_BOUND('',#409,.F.);
#409 = EDGE_LOOP('',(#410));
#410 = ORIENTED_EDGE('',*,*,#411,.T.);
#411 = EDGE_CURVE('',#412,#412,#414,.T.);
#412 = VERTEX_POINT('',#413);
#413 = CARTESIAN_POINT('',(177.9,-89.05,0.));
#414 = CIRCLE('',#415,0.15);
#415 = AXIS2_PLACEMENT_3D('',#416,#417,#418);
#416 = CARTESIAN_POINT('',(177.9,-88.9,0.));
#417 = DIRECTION('',(-0.,0.,-1.));
#418 = DIRECTION('',(-0.,-1.,0.));
#419 = FACE_BOUND('',#420,.F.);
#420 = EDGE_LOOP('',(#421));
#421 = ORIENTED_EDGE('',*,*,#422,.T.);
#422 = EDGE_CURVE('',#423,#423,#425,.T.);
#423 = VERTEX_POINT('',#424);
#424 = CARTESIAN_POINT('',(176.,-88.05,0.));
#425 = CIRCLE('',#426,0.15);
#426 = AXIS2_PLACEMENT_3D('',#427,#428,#429);
#427 = CARTESIAN_POINT('',(176.,-87.9,0.));
#428 = DIRECTION('',(-0.,0.,-1.));
#429 = DIRECTION('',(-0.,-1.,0.));
#430 = FACE_BOUND('',#431,.F.);
#431 = EDGE_LOOP('',(#432));
#432 = ORIENTED_EDGE('',*,*,#433,.T.);
#433 = EDGE_CURVE('',#434,#434,#436,.T.);
#434 = VERTEX_POINT('',#435);
#435 = CARTESIAN_POINT('',(176.9,-88.05,0.));
#436 = CIRCLE('',#437,0.15);
#437 = AXIS2_PLACEMENT_3D('',#438,#439,#440);
#438 = CARTESIAN_POINT('',(176.9,-87.9,0.));
#439 = DIRECTION('',(-0.,0.,-1.));
#440 = DIRECTION('',(-0.,-1.,0.));
#441 = FACE_BOUND('',#442,.F.);
#442 = EDGE_LOOP('',(#443));
#443 = ORIENTED_EDGE('',*,*,#444,.T.);
#444 = EDGE_CURVE('',#445,#445,#447,.T.);
#445 = VERTEX_POINT('',#446);
#446 = CARTESIAN_POINT('',(177.9,-88.05,0.));
#447 = CIRCLE('',#448,0.15);
#448 = AXIS2_PLACEMENT_3D('',#449,#450,#451);
#449 = CARTESIAN_POINT('',(177.9,-87.9,0.));
#450 = DIRECTION('',(-0.,0.,-1.));
#451 = DIRECTION('',(-0.,-1.,0.));
#452 = FACE_BOUND('',#453,.F.);
#453 = EDGE_LOOP('',(#454));
#454 = ORIENTED_EDGE('',*,*,#455,.T.);
#455 = EDGE_CURVE('',#456,#456,#458,.T.);
#456 = VERTEX_POINT('',#457);
#457 = CARTESIAN_POINT('',(178.8,-89.05,0.));
#458 = CIRCLE('',#459,0.15);
#459 = AXIS2_PLACEMENT_3D('',#460,#461,#462);
#460 = CARTESIAN_POINT('',(178.8,-88.9,0.));
#461 = DIRECTION('',(-0.,0.,-1.));
#462 = DIRECTION('',(-0.,-1.,0.));
#463 = FACE_BOUND('',#464,.F.);
#464 = EDGE_LOOP('',(#465));
#465 = ORIENTED_EDGE('',*,*,#466,.T.);
#466 = EDGE_CURVE('',#467,#467,#469,.T.);
#467 = VERTEX_POINT('',#468);
#468 = CARTESIAN_POINT('',(178.8,-88.05,0.));
#469 = CIRCLE('',#470,0.15);
#470 = AXIS2_PLACEMENT_3D('',#471,#472,#473);
#471 = CARTESIAN_POINT('',(178.8,-87.9,0.));
#472 = DIRECTION('',(-0.,0.,-1.));
#473 = DIRECTION('',(-0.,-1.,0.));
#474 = FACE_BOUND('',#475,.F.);
#475 = EDGE_LOOP('',(#476));
#476 = ORIENTED_EDGE('',*,*,#477,.T.);
#477 = EDGE_CURVE('',#478,#478,#480,.T.);
#478 = VERTEX_POINT('',#479);
#479 = CARTESIAN_POINT('',(176.,-87.05,0.));
#480 = CIRCLE('',#481,0.15);
#481 = AXIS2_PLACEMENT_3D('',#482,#483,#484);
#482 = CARTESIAN_POINT('',(176.,-86.9,0.));
#483 = DIRECTION('',(-0.,0.,-1.));
#484 = DIRECTION('',(-0.,-1.,0.));
#485 = FACE_BOUND('',#486,.F.);
#486 = EDGE_LOOP('',(#487));
#487 = ORIENTED_EDGE('',*,*,#488,.T.);
#488 = EDGE_CURVE('',#489,#489,#491,.T.);
#489 = VERTEX_POINT('',#490);
#490 = CARTESIAN_POINT('',(176.9,-87.05,0.));
#491 = CIRCLE('',#492,0.15);
#492 = AXIS2_PLACEMENT_3D('',#493,#494,#495);
#493 = CARTESIAN_POINT('',(176.9,-86.9,0.));
#494 = DIRECTION('',(-0.,0.,-1.));
#495 = DIRECTION('',(-0.,-1.,0.));
#496 = FACE_BOUND('',#497,.F.);
#497 = EDGE_LOOP('',(#498));
#498 = ORIENTED_EDGE('',*,*,#499,.T.);
#499 = EDGE_CURVE('',#500,#500,#502,.T.);
#500 = VERTEX_POINT('',#501);
#501 = CARTESIAN_POINT('',(176.,-86.15,0.));
#502 = CIRCLE('',#503,0.15);
#503 = AXIS2_PLACEMENT_3D('',#504,#505,#506);
#504 = CARTESIAN_POINT('',(176.,-86.,0.));
#505 = DIRECTION('',(-0.,0.,-1.));
#506 = DIRECTION('',(-0.,-1.,0.));
#507 = FACE_BOUND('',#508,.F.);
#508 = EDGE_LOOP('',(#509));
#509 = ORIENTED_EDGE('',*,*,#510,.T.);
#510 = EDGE_CURVE('',#511,#511,#513,.T.);
#511 = VERTEX_POINT('',#512);
#512 = CARTESIAN_POINT('',(176.9,-86.15,0.));
#513 = CIRCLE('',#514,0.15);
#514 = AXIS2_PLACEMENT_3D('',#515,#516,#517);
#515 = CARTESIAN_POINT('',(176.9,-86.,0.));
#516 = DIRECTION('',(-0.,0.,-1.));
#517 = DIRECTION('',(-0.,-1.,0.));
#518 = FACE_BOUND('',#519,.F.);
#519 = EDGE_LOOP('',(#520));
#520 = ORIENTED_EDGE('',*,*,#521,.T.);
#521 = EDGE_CURVE('',#522,#522,#524,.T.);
#522 = VERTEX_POINT('',#523);
#523 = CARTESIAN_POINT('',(177.9,-87.05,0.));
#524 = CIRCLE('',#525,0.15);
#525 = AXIS2_PLACEMENT_3D('',#526,#527,#528);
#526 = CARTESIAN_POINT('',(177.9,-86.9,0.));
#527 = DIRECTION('',(-0.,0.,-1.));
#528 = DIRECTION('',(-0.,-1.,0.));
#529 = FACE_BOUND('',#530,.F.);
#530 = EDGE_LOOP('',(#531));
#531 = ORIENTED_EDGE('',*,*,#532,.T.);
#532 = EDGE_CURVE('',#533,#533,#535,.T.);
#533 = VERTEX_POINT('',#534);
#534 = CARTESIAN_POINT('',(177.9,-86.15,0.));
#535 = CIRCLE('',#536,0.15);
#536 = AXIS2_PLACEMENT_3D('',#537,#538,#539);
#537 = CARTESIAN_POINT('',(177.9,-86.,0.));
#538 = DIRECTION('',(-0.,0.,-1.));
#539 = DIRECTION('',(-0.,-1.,0.));
#540 = FACE_BOUND('',#541,.F.);
#541 = EDGE_LOOP('',(#542));
#542 = ORIENTED_EDGE('',*,*,#543,.T.);
#543 = EDGE_CURVE('',#544,#544,#546,.T.);
#544 = VERTEX_POINT('',#545);
#545 = CARTESIAN_POINT('',(178.8,-87.05,0.));
#546 = CIRCLE('',#547,0.15);
#547 = AXIS2_PLACEMENT_3D('',#548,#549,#550);
#548 = CARTESIAN_POINT('',(178.8,-86.9,0.));
#549 = DIRECTION('',(-0.,0.,-1.));
#550 = DIRECTION('',(-0.,-1.,0.));
#551 = FACE_BOUND('',#552,.F.);
#552 = EDGE_LOOP('',(#553));
#553 = ORIENTED_EDGE('',*,*,#554,.T.);
#554 = EDGE_CURVE('',#555,#555,#557,.T.);
#555 = VERTEX_POINT('',#556);
#556 = CARTESIAN_POINT('',(178.8,-86.15,0.));
#557 = CIRCLE('',#558,0.15);
#558 = AXIS2_PLACEMENT_3D('',#559,#560,#561);
#559 = CARTESIAN_POINT('',(178.8,-86.,0.));
#560 = DIRECTION('',(-0.,0.,-1.));
#561 = DIRECTION('',(-0.,-1.,0.));
#562 = FACE_BOUND('',#563,.F.);
#563 = EDGE_LOOP('',(#564));
#564 = ORIENTED_EDGE('',*,*,#565,.T.);
#565 = EDGE_CURVE('',#566,#566,#568,.T.);
#566 = VERTEX_POINT('',#567);
#567 = CARTESIAN_POINT('',(193.8,-90.6,0.));
#568 = CIRCLE('',#569,0.5);
#569 = AXIS2_PLACEMENT_3D('',#570,#571,#572);
#570 = CARTESIAN_POINT('',(193.8,-90.1,0.));
#571 = DIRECTION('',(-0.,0.,-1.));
#572 = DIRECTION('',(-0.,-1.,0.));
#573 = FACE_BOUND('',#574,.F.);
#574 = EDGE_LOOP('',(#575));
#575 = ORIENTED_EDGE('',*,*,#576,.T.);
#576 = EDGE_CURVE('',#577,#577,#579,.T.);
#577 = VERTEX_POINT('',#578);
#578 = CARTESIAN_POINT('',(193.8,-88.06,0.));
#579 = CIRCLE('',#580,0.5);
#580 = AXIS2_PLACEMENT_3D('',#581,#582,#583);
#581 = CARTESIAN_POINT('',(193.8,-87.56,0.));
#582 = DIRECTION('',(-0.,0.,-1.));
#583 = DIRECTION('',(-0.,-1.,0.));
#584 = FACE_BOUND('',#585,.F.);
#585 = EDGE_LOOP('',(#586));
#586 = ORIENTED_EDGE('',*,*,#587,.T.);
#587 = EDGE_CURVE('',#588,#588,#590,.T.);
#588 = VERTEX_POINT('',#589);
#589 = CARTESIAN_POINT('',(195.24,-102.3,0.));
#590 = CIRCLE('',#591,0.5);
#591 = AXIS2_PLACEMENT_3D('',#592,#593,#594);
#592 = CARTESIAN_POINT('',(195.24,-101.8,0.));
#593 = DIRECTION('',(-0.,0.,-1.));
#594 = DIRECTION('',(-0.,-1.,0.));
#595 = FACE_BOUND('',#596,.F.);
#596 = EDGE_LOOP('',(#597));
#597 = ORIENTED_EDGE('',*,*,#598,.T.);
#598 = EDGE_CURVE('',#599,#599,#601,.T.);
#599 = VERTEX_POINT('',#600);
#600 = CARTESIAN_POINT('',(197.78,-102.3,0.));
#601 = CIRCLE('',#602,0.5);
#602 = AXIS2_PLACEMENT_3D('',#603,#604,#605);
#603 = CARTESIAN_POINT('',(197.78,-101.8,0.));
#604 = DIRECTION('',(-0.,0.,-1.));
#605 = DIRECTION('',(-0.,-1.,0.));
#606 = FACE_BOUND('',#607,.F.);
#607 = EDGE_LOOP('',(#608));
#608 = ORIENTED_EDGE('',*,*,#609,.T.);
#609 = EDGE_CURVE('',#610,#610,#612,.T.);
#610 = VERTEX_POINT('',#611);
#611 = CARTESIAN_POINT('',(195.26,-98.7,0.));
#612 = CIRCLE('',#613,0.5);
#613 = AXIS2_PLACEMENT_3D('',#614,#615,#616);
#614 = CARTESIAN_POINT('',(195.26,-98.2,0.));
#615 = DIRECTION('',(-0.,0.,-1.));
#616 = DIRECTION('',(-0.,-1.,0.));
#617 = FACE_BOUND('',#618,.F.);
#618 = EDGE_LOOP('',(#619));
#619 = ORIENTED_EDGE('',*,*,#620,.T.);
#620 = EDGE_CURVE('',#621,#621,#623,.T.);
#621 = VERTEX_POINT('',#622);
#622 = CARTESIAN_POINT('',(197.8,-98.7,0.));
#623 = CIRCLE('',#624,0.5);
#624 = AXIS2_PLACEMENT_3D('',#625,#626,#627);
#625 = CARTESIAN_POINT('',(197.8,-98.2,0.));
#626 = DIRECTION('',(-0.,0.,-1.));
#627 = DIRECTION('',(-0.,-1.,0.));
#628 = FACE_BOUND('',#629,.F.);
#629 = EDGE_LOOP('',(#630));
#630 = ORIENTED_EDGE('',*,*,#631,.T.);
#631 = EDGE_CURVE('',#632,#632,#634,.T.);
#632 = VERTEX_POINT('',#633);
#633 = CARTESIAN_POINT('',(202.6,-101.275,0.));
#634 = CIRCLE('',#635,0.475);
#635 = AXIS2_PLACEMENT_3D('',#636,#637,#638);
#636 = CARTESIAN_POINT('',(202.6,-100.8,0.));
#637 = DIRECTION('',(-0.,0.,-1.));
#638 = DIRECTION('',(-0.,-1.,0.));
#639 = FACE_BOUND('',#640,.F.);
#640 = EDGE_LOOP('',(#641));
#641 = ORIENTED_EDGE('',*,*,#642,.T.);
#642 = EDGE_CURVE('',#643,#643,#645,.T.);
#643 = VERTEX_POINT('',#644);
#644 = CARTESIAN_POINT('',(205.1,-101.275,0.));
#645 = CIRCLE('',#646,0.475);
#646 = AXIS2_PLACEMENT_3D('',#647,#648,#649);
#647 = CARTESIAN_POINT('',(205.1,-100.8,0.));
#648 = DIRECTION('',(-0.,0.,-1.));
#649 = DIRECTION('',(-0.,-1.,0.));
#650 = FACE_BOUND('',#651,.F.);
#651 = EDGE_LOOP('',(#652));
#652 = ORIENTED_EDGE('',*,*,#653,.T.);
#653 = EDGE_CURVE('',#654,#654,#656,.T.);
#654 = VERTEX_POINT('',#655);
#655 = CARTESIAN_POINT('',(207.6,-101.275,0.));
#656 = CIRCLE('',#657,0.475);
#657 = AXIS2_PLACEMENT_3D('',#658,#659,#660);
#658 = CARTESIAN_POINT('',(207.6,-100.8,0.));
#659 = DIRECTION('',(-0.,0.,-1.));
#660 = DIRECTION('',(-0.,-1.,0.));
#661 = FACE_BOUND('',#662,.F.);
#662 = EDGE_LOOP('',(#663));
#663 = ORIENTED_EDGE('',*,*,#664,.T.);
#664 = EDGE_CURVE('',#665,#665,#667,.T.);
#665 = VERTEX_POINT('',#666);
#666 = CARTESIAN_POINT('',(210.1,-101.275,0.));
#667 = CIRCLE('',#668,0.475);
#668 = AXIS2_PLACEMENT_3D('',#669,#670,#671);
#669 = CARTESIAN_POINT('',(210.1,-100.8,0.));
#670 = DIRECTION('',(-0.,0.,-1.));
#671 = DIRECTION('',(-0.,-1.,0.));
#672 = FACE_BOUND('',#673,.F.);
#673 = EDGE_LOOP('',(#674));
#674 = ORIENTED_EDGE('',*,*,#675,.T.);
#675 = EDGE_CURVE('',#676,#676,#678,.T.);
#676 = VERTEX_POINT('',#677);
#677 = CARTESIAN_POINT('',(212.6,-101.275,0.));
#678 = CIRCLE('',#679,0.475);
#679 = AXIS2_PLACEMENT_3D('',#680,#681,#682);
#680 = CARTESIAN_POINT('',(212.6,-100.8,0.));
#681 = DIRECTION('',(-0.,0.,-1.));
#682 = DIRECTION('',(-0.,-1.,0.));
#683 = FACE_BOUND('',#684,.F.);
#684 = EDGE_LOOP('',(#685));
#685 = ORIENTED_EDGE('',*,*,#686,.T.);
#686 = EDGE_CURVE('',#687,#687,#689,.T.);
#687 = VERTEX_POINT('',#688);
#688 = CARTESIAN_POINT('',(206.6,-92.64,0.));
#689 = CIRCLE('',#690,0.5);
#690 = AXIS2_PLACEMENT_3D('',#691,#692,#693);
#691 = CARTESIAN_POINT('',(206.6,-92.14,0.));
#692 = DIRECTION('',(-0.,0.,-1.));
#693 = DIRECTION('',(-0.,-1.,0.));
#694 = FACE_BOUND('',#695,.F.);
#695 = EDGE_LOOP('',(#696));
#696 = ORIENTED_EDGE('',*,*,#697,.T.);
#697 = EDGE_CURVE('',#698,#698,#700,.T.);
#698 = VERTEX_POINT('',#699);
#699 = CARTESIAN_POINT('',(206.6,-90.1,0.));
#700 = CIRCLE('',#701,0.5);
#701 = AXIS2_PLACEMENT_3D('',#702,#703,#704);
#702 = CARTESIAN_POINT('',(206.6,-89.6,0.));
#703 = DIRECTION('',(-0.,0.,-1.));
#704 = DIRECTION('',(-0.,-1.,0.));
#705 = FACE_BOUND('',#706,.F.);
#706 = EDGE_LOOP('',(#707));
#707 = ORIENTED_EDGE('',*,*,#708,.T.);
#708 = EDGE_CURVE('',#709,#709,#711,.T.);
#709 = VERTEX_POINT('',#710);
#710 = CARTESIAN_POINT('',(173.3,-78.575,0.));
#711 = CIRCLE('',#712,0.475);
#712 = AXIS2_PLACEMENT_3D('',#713,#714,#715);
#713 = CARTESIAN_POINT('',(173.3,-78.1,0.));
#714 = DIRECTION('',(-0.,0.,-1.));
#715 = DIRECTION('',(-0.,-1.,0.));
#716 = FACE_BOUND('',#717,.F.);
#717 = EDGE_LOOP('',(#718));
#718 = ORIENTED_EDGE('',*,*,#719,.T.);
#719 = EDGE_CURVE('',#720,#720,#722,.T.);
#720 = VERTEX_POINT('',#721);
#721 = CARTESIAN_POINT('',(175.8,-78.575,0.));
#722 = CIRCLE('',#723,0.475);
#723 = AXIS2_PLACEMENT_3D('',#724,#725,#726);
#724 = CARTESIAN_POINT('',(175.8,-78.1,0.));
#725 = DIRECTION('',(-0.,0.,-1.));
#726 = DIRECTION('',(-0.,-1.,0.));
#727 = FACE_BOUND('',#728,.F.);
#728 = EDGE_LOOP('',(#729));
#729 = ORIENTED_EDGE('',*,*,#730,.T.);
#730 = EDGE_CURVE('',#731,#731,#733,.T.);
#731 = VERTEX_POINT('',#732);
#732 = CARTESIAN_POINT('',(178.3,-78.575,0.));
#733 = CIRCLE('',#734,0.475);
#734 = AXIS2_PLACEMENT_3D('',#735,#736,#737);
#735 = CARTESIAN_POINT('',(178.3,-78.1,0.));
#736 = DIRECTION('',(-0.,0.,-1.));
#737 = DIRECTION('',(-0.,-1.,0.));
#738 = FACE_BOUND('',#739,.F.);
#739 = EDGE_LOOP('',(#740));
#740 = ORIENTED_EDGE('',*,*,#741,.T.);
#741 = EDGE_CURVE('',#742,#742,#744,.T.);
#742 = VERTEX_POINT('',#743);
#743 = CARTESIAN_POINT('',(180.8,-78.575,0.));
#744 = CIRCLE('',#745,0.475);
#745 = AXIS2_PLACEMENT_3D('',#746,#747,#748);
#746 = CARTESIAN_POINT('',(180.8,-78.1,0.));
#747 = DIRECTION('',(-0.,0.,-1.));
#748 = DIRECTION('',(-0.,-1.,0.));
#749 = FACE_BOUND('',#750,.F.);
#750 = EDGE_LOOP('',(#751));
#751 = ORIENTED_EDGE('',*,*,#752,.T.);
#752 = EDGE_CURVE('',#753,#753,#755,.T.);
#753 = VERTEX_POINT('',#754);
#754 = CARTESIAN_POINT('',(175.9,-72.09,0.));
#755 = CIRCLE('',#756,0.5);
#756 = AXIS2_PLACEMENT_3D('',#757,#758,#759);
#757 = CARTESIAN_POINT('',(175.9,-71.59,0.));
#758 = DIRECTION('',(-0.,0.,-1.));
#759 = DIRECTION('',(-0.,-1.,0.));
#760 = FACE_BOUND('',#761,.F.);
#761 = EDGE_LOOP('',(#762));
#762 = ORIENTED_EDGE('',*,*,#763,.T.);
#763 = EDGE_CURVE('',#764,#764,#766,.T.);
#764 = VERTEX_POINT('',#765);
#765 = CARTESIAN_POINT('',(178.44,-72.09,0.));
#766 = CIRCLE('',#767,0.5);
#767 = AXIS2_PLACEMENT_3D('',#768,#769,#770);
#768 = CARTESIAN_POINT('',(178.44,-71.59,0.));
#769 = DIRECTION('',(-0.,0.,-1.));
#770 = DIRECTION('',(-0.,-1.,0.));
#771 = FACE_BOUND('',#772,.F.);
#772 = EDGE_LOOP('',(#773));
#773 = ORIENTED_EDGE('',*,*,#774,.T.);
#774 = EDGE_CURVE('',#775,#775,#777,.T.);
#775 = VERTEX_POINT('',#776);
#776 = CARTESIAN_POINT('',(175.,-62.95,0.));
#777 = CIRCLE('',#778,0.75);
#778 = AXIS2_PLACEMENT_3D('',#779,#780,#781);
#779 = CARTESIAN_POINT('',(175.,-62.2,0.));
#780 = DIRECTION('',(-0.,0.,-1.));
#781 = DIRECTION('',(-0.,-1.,0.));
#782 = FACE_BOUND('',#783,.F.);
#783 = EDGE_LOOP('',(#784,#795,#803,#812));
#784 = ORIENTED_EDGE('',*,*,#785,.T.);
#785 = EDGE_CURVE('',#786,#788,#790,.T.);
#786 = VERTEX_POINT('',#787);
#787 = CARTESIAN_POINT('',(189.18,-67.12,0.));
#788 = VERTEX_POINT('',#789);
#789 = CARTESIAN_POINT('',(189.78,-67.12,0.));
#790 = CIRCLE('',#791,0.3);
#791 = AXIS2_PLACEMENT_3D('',#792,#793,#794);
#792 = CARTESIAN_POINT('',(189.48,-67.12,0.));
#793 = DIRECTION('',(0.,-0.,-1.));
#794 = DIRECTION('',(1.,0.,-0.));
#795 = ORIENTED_EDGE('',*,*,#796,.T.);
#796 = EDGE_CURVE('',#788,#797,#799,.T.);
#797 = VERTEX_POINT('',#798);
#798 = CARTESIAN_POINT('',(189.78,-68.22,0.));
#799 = LINE('',#800,#801);
#800 = CARTESIAN_POINT('',(189.78,-34.11,0.));
#801 = VECTOR('',#802,1.);
#802 = DIRECTION('',(0.,-1.,0.));
#803 = ORIENTED_EDGE('',*,*,#804,.T.);
#804 = EDGE_CURVE('',#797,#805,#807,.T.);
#805 = VERTEX_POINT('',#806);
#806 = CARTESIAN_POINT('',(189.18,-68.22,0.));
#807 = CIRCLE('',#808,0.3);
#808 = AXIS2_PLACEMENT_3D('',#809,#810,#811);
#809 = CARTESIAN_POINT('',(189.48,-68.22,0.));
#810 = DIRECTION('',(-0.,0.,-1.));
#811 = DIRECTION('',(-1.,0.,0.));
#812 = ORIENTED_EDGE('',*,*,#813,.T.);
#813 = EDGE_CURVE('',#805,#786,#814,.T.);
#814 = LINE('',#815,#816);
#815 = CARTESIAN_POINT('',(189.18,-33.56,0.));
#816 = VECTOR('',#817,1.);
#817 = DIRECTION('',(-0.,1.,0.));
#818 = FACE_BOUND('',#819,.F.);
#819 = EDGE_LOOP('',(#820));
#820 = ORIENTED_EDGE('',*,*,#821,.T.);
#821 = EDGE_CURVE('',#822,#822,#824,.T.);
#822 = VERTEX_POINT('',#823);
#823 = CARTESIAN_POINT('',(190.91,-67.465,0.));
#824 = CIRCLE('',#825,0.325);
#825 = AXIS2_PLACEMENT_3D('',#826,#827,#828);
#826 = CARTESIAN_POINT('',(190.91,-67.14,0.));
#827 = DIRECTION('',(-0.,0.,-1.));
#828 = DIRECTION('',(-8.745141363202E-14,-1.,0.));
#829 = FACE_BOUND('',#830,.F.);
#830 = EDGE_LOOP('',(#831,#842,#850,#859));
#831 = ORIENTED_EDGE('',*,*,#832,.T.);
#832 = EDGE_CURVE('',#833,#835,#837,.T.);
#833 = VERTEX_POINT('',#834);
#834 = CARTESIAN_POINT('',(189.18,-63.19,0.));
#835 = VERTEX_POINT('',#836);
#836 = CARTESIAN_POINT('',(189.78,-63.19,0.));
#837 = CIRCLE('',#838,0.3);
#838 = AXIS2_PLACEMENT_3D('',#839,#840,#841);
#839 = CARTESIAN_POINT('',(189.48,-63.19,0.));
#840 = DIRECTION('',(0.,-0.,-1.));
#841 = DIRECTION('',(1.,2.368475785867E-14,-0.));
#842 = ORIENTED_EDGE('',*,*,#843,.T.);
#843 = EDGE_CURVE('',#835,#844,#846,.T.);
#844 = VERTEX_POINT('',#845);
#845 = CARTESIAN_POINT('',(189.78,-63.79,0.));
#846 = LINE('',#847,#848);
#847 = CARTESIAN_POINT('',(189.78,-31.895,0.));
#848 = VECTOR('',#849,1.);
#849 = DIRECTION('',(0.,-1.,0.));
#850 = ORIENTED_EDGE('',*,*,#851,.T.);
#851 = EDGE_CURVE('',#844,#852,#854,.T.);
#852 = VERTEX_POINT('',#853);
#853 = CARTESIAN_POINT('',(189.18,-63.79,0.));
#854 = CIRCLE('',#855,0.3);
#855 = AXIS2_PLACEMENT_3D('',#856,#857,#858);
#856 = CARTESIAN_POINT('',(189.48,-63.79,0.));
#857 = DIRECTION('',(-0.,0.,-1.));
#858 = DIRECTION('',(-1.,0.,0.));
#859 = ORIENTED_EDGE('',*,*,#860,.T.);
#860 = EDGE_CURVE('',#852,#833,#861,.T.);
#861 = LINE('',#862,#863);
#862 = CARTESIAN_POINT('',(189.18,-31.595,0.));
#863 = VECTOR('',#864,1.);
#864 = DIRECTION('',(-0.,1.,0.));
#865 = FACE_BOUND('',#866,.F.);
#866 = EDGE_LOOP('',(#867));
#867 = ORIENTED_EDGE('',*,*,#868,.T.);
#868 = EDGE_CURVE('',#869,#869,#871,.T.);
#869 = VERTEX_POINT('',#870);
#870 = CARTESIAN_POINT('',(214.25,-80.375,0.));
#871 = CIRCLE('',#872,0.5);
#872 = AXIS2_PLACEMENT_3D('',#873,#874,#875);
#873 = CARTESIAN_POINT('',(214.25,-79.875,0.));
#874 = DIRECTION('',(-0.,0.,-1.));
#875 = DIRECTION('',(-0.,-1.,0.));
#876 = FACE_BOUND('',#877,.F.);
#877 = EDGE_LOOP('',(#878));
#878 = ORIENTED_EDGE('',*,*,#879,.T.);
#879 = EDGE_CURVE('',#880,#880,#882,.T.);
#880 = VERTEX_POINT('',#881);
#881 = CARTESIAN_POINT('',(216.75,-80.375,0.));
#882 = CIRCLE('',#883,0.5);
#883 = AXIS2_PLACEMENT_3D('',#884,#885,#886);
#884 = CARTESIAN_POINT('',(216.75,-79.875,0.));
#885 = DIRECTION('',(-0.,0.,-1.));
#886 = DIRECTION('',(-0.,-1.,0.));
#887 = FACE_BOUND('',#888,.F.);
#888 = EDGE_LOOP('',(#889));
#889 = ORIENTED_EDGE('',*,*,#890,.T.);
#890 = EDGE_CURVE('',#891,#891,#893,.T.);
#891 = VERTEX_POINT('',#892);
#892 = CARTESIAN_POINT('',(209.25,-73.45,0.));
#893 = CIRCLE('',#894,0.475);
#894 = AXIS2_PLACEMENT_3D('',#895,#896,#897);
#895 = CARTESIAN_POINT('',(209.25,-72.975,0.));
#896 = DIRECTION('',(-0.,0.,-1.));
#897 = DIRECTION('',(-0.,-1.,0.));
#898 = FACE_BOUND('',#899,.F.);
#899 = EDGE_LOOP('',(#900));
#900 = ORIENTED_EDGE('',*,*,#901,.T.);
#901 = EDGE_CURVE('',#902,#902,#904,.T.);
#902 = VERTEX_POINT('',#903);
#903 = CARTESIAN_POINT('',(211.75,-73.45,0.));
#904 = CIRCLE('',#905,0.475);
#905 = AXIS2_PLACEMENT_3D('',#906,#907,#908);
#906 = CARTESIAN_POINT('',(211.75,-72.975,0.));
#907 = DIRECTION('',(-0.,0.,-1.));
#908 = DIRECTION('',(-0.,-1.,0.));
#909 = FACE_BOUND('',#910,.F.);
#910 = EDGE_LOOP('',(#911));
#911 = ORIENTED_EDGE('',*,*,#912,.T.);
#912 = EDGE_CURVE('',#913,#913,#915,.T.);
#913 = VERTEX_POINT('',#914);
#914 = CARTESIAN_POINT('',(214.25,-73.45,0.));
#915 = CIRCLE('',#916,0.475);
#916 = AXIS2_PLACEMENT_3D('',#917,#918,#919);
#917 = CARTESIAN_POINT('',(214.25,-72.975,0.));
#918 = DIRECTION('',(-0.,0.,-1.));
#919 = DIRECTION('',(-0.,-1.,0.));
#920 = FACE_BOUND('',#921,.F.);
#921 = EDGE_LOOP('',(#922));
#922 = ORIENTED_EDGE('',*,*,#923,.T.);
#923 = EDGE_CURVE('',#924,#924,#926,.T.);
#924 = VERTEX_POINT('',#925);
#925 = CARTESIAN_POINT('',(216.75,-73.45,0.));
#926 = CIRCLE('',#927,0.475);
#927 = AXIS2_PLACEMENT_3D('',#928,#929,#930);
#928 = CARTESIAN_POINT('',(216.75,-72.975,0.));
#929 = DIRECTION('',(-0.,0.,-1.));
#930 = DIRECTION('',(-0.,-1.,0.));
#931 = FACE_BOUND('',#932,.F.);
#932 = EDGE_LOOP('',(#933));
#933 = ORIENTED_EDGE('',*,*,#934,.T.);
#934 = EDGE_CURVE('',#935,#935,#937,.T.);
#935 = VERTEX_POINT('',#936);
#936 = CARTESIAN_POINT('',(196.69,-67.465,0.));
#937 = CIRCLE('',#938,0.325);
#938 = AXIS2_PLACEMENT_3D('',#939,#940,#941);
#939 = CARTESIAN_POINT('',(196.69,-67.14,0.));
#940 = DIRECTION('',(-0.,0.,-1.));
#941 = DIRECTION('',(-0.,-1.,0.));
#942 = FACE_BOUND('',#943,.F.);
#943 = EDGE_LOOP('',(#944,#955,#963,#972));
#944 = ORIENTED_EDGE('',*,*,#945,.T.);
#945 = EDGE_CURVE('',#946,#948,#950,.T.);
#946 = VERTEX_POINT('',#947);
#947 = CARTESIAN_POINT('',(197.82,-67.12,0.));
#948 = VERTEX_POINT('',#949);
#949 = CARTESIAN_POINT('',(198.42,-67.12,0.));
#950 = CIRCLE('',#951,0.3);
#951 = AXIS2_PLACEMENT_3D('',#952,#953,#954);
#952 = CARTESIAN_POINT('',(198.12,-67.12,0.));
#953 = DIRECTION('',(0.,-0.,-1.));
#954 = DIRECTION('',(1.,-9.473903143468E-14,0.));
#955 = ORIENTED_EDGE('',*,*,#956,.T.);
#956 = EDGE_CURVE('',#948,#957,#959,.T.);
#957 = VERTEX_POINT('',#958);
#958 = CARTESIAN_POINT('',(198.42,-68.22,0.));
#959 = LINE('',#960,#961);
#960 = CARTESIAN_POINT('',(198.42,-34.11,0.));
#961 = VECTOR('',#962,1.);
#962 = DIRECTION('',(0.,-1.,0.));
#963 = ORIENTED_EDGE('',*,*,#964,.T.);
#964 = EDGE_CURVE('',#957,#965,#967,.T.);
#965 = VERTEX_POINT('',#966);
#966 = CARTESIAN_POINT('',(197.82,-68.22,0.));
#967 = CIRCLE('',#968,0.3);
#968 = AXIS2_PLACEMENT_3D('',#969,#970,#971);
#969 = CARTESIAN_POINT('',(198.12,-68.22,0.));
#970 = DIRECTION('',(-0.,0.,-1.));
#971 = DIRECTION('',(-1.,4.736951571734E-14,0.));
#972 = ORIENTED_EDGE('',*,*,#973,.T.);
#973 = EDGE_CURVE('',#965,#946,#974,.T.);
#974 = LINE('',#975,#976);
#975 = CARTESIAN_POINT('',(197.82,-33.56,0.));
#976 = VECTOR('',#977,1.);
#977 = DIRECTION('',(-0.,1.,0.));
#978 = FACE_BOUND('',#979,.F.);
#979 = EDGE_LOOP('',(#980,#991,#999,#1008));
#980 = ORIENTED_EDGE('',*,*,#981,.T.);
#981 = EDGE_CURVE('',#982,#984,#986,.T.);
#982 = VERTEX_POINT('',#983);
#983 = CARTESIAN_POINT('',(197.82,-63.19,0.));
#984 = VERTEX_POINT('',#985);
#985 = CARTESIAN_POINT('',(198.42,-63.19,0.));
#986 = CIRCLE('',#987,0.3);
#987 = AXIS2_PLACEMENT_3D('',#988,#989,#990);
#988 = CARTESIAN_POINT('',(198.12,-63.19,0.));
#989 = DIRECTION('',(0.,-0.,-1.));
#990 = DIRECTION('',(1.,-2.368475785867E-14,0.));
#991 = ORIENTED_EDGE('',*,*,#992,.T.);
#992 = EDGE_CURVE('',#984,#993,#995,.T.);
#993 = VERTEX_POINT('',#994);
#994 = CARTESIAN_POINT('',(198.42,-63.79,0.));
#995 = LINE('',#996,#997);
#996 = CARTESIAN_POINT('',(198.42,-31.895,0.));
#997 = VECTOR('',#998,1.);
#998 = DIRECTION('',(0.,-1.,0.));
#999 = ORIENTED_EDGE('',*,*,#1000,.T.);
#1000 = EDGE_CURVE('',#993,#1001,#1003,.T.);
#1001 = VERTEX_POINT('',#1002);
#1002 = CARTESIAN_POINT('',(197.82,-63.79,0.));
#1003 = CIRCLE('',#1004,0.3);
#1004 = AXIS2_PLACEMENT_3D('',#1005,#1006,#1007);
#1005 = CARTESIAN_POINT('',(198.12,-63.79,0.));
#1006 = DIRECTION('',(-0.,0.,-1.));
#1007 = DIRECTION('',(-1.,4.736951571734E-14,0.));
#1008 = ORIENTED_EDGE('',*,*,#1009,.T.);
#1009 = EDGE_CURVE('',#1001,#982,#1010,.T.);
#1010 = LINE('',#1011,#1012);
#1011 = CARTESIAN_POINT('',(197.82,-31.595,0.));
#1012 = VECTOR('',#1013,1.);
#1013 = DIRECTION('',(-0.,1.,0.));
#1014 = FACE_BOUND('',#1015,.F.);
#1015 = EDGE_LOOP('',(#1016));
#1016 = ORIENTED_EDGE('',*,*,#1017,.T.);
#1017 = EDGE_CURVE('',#1018,#1018,#1020,.T.);
#1018 = VERTEX_POINT('',#1019);
#1019 = CARTESIAN_POINT('',(207.6,-66.4,0.));
#1020 = CIRCLE('',#1021,0.5);
#1021 = AXIS2_PLACEMENT_3D('',#1022,#1023,#1024);
#1022 = CARTESIAN_POINT('',(207.6,-65.9,0.));
#1023 = DIRECTION('',(-0.,0.,-1.));
#1024 = DIRECTION('',(-0.,-1.,0.));
#1025 = FACE_BOUND('',#1026,.F.);
#1026 = EDGE_LOOP('',(#1027));
#1027 = ORIENTED_EDGE('',*,*,#1028,.T.);
#1028 = EDGE_CURVE('',#1029,#1029,#1031,.T.);
#1029 = VERTEX_POINT('',#1030);
#1030 = CARTESIAN_POINT('',(210.1,-66.4,0.));
#1031 = CIRCLE('',#1032,0.5);
#1032 = AXIS2_PLACEMENT_3D('',#1033,#1034,#1035);
#1033 = CARTESIAN_POINT('',(210.1,-65.9,0.));
#1034 = DIRECTION('',(-0.,0.,-1.));
#1035 = DIRECTION('',(-0.,-1.,0.));
#1036 = FACE_BOUND('',#1037,.F.);
#1037 = EDGE_LOOP('',(#1038));
#1038 = ORIENTED_EDGE('',*,*,#1039,.T.);
#1039 = EDGE_CURVE('',#1040,#1040,#1042,.T.);
#1040 = VERTEX_POINT('',#1041);
#1041 = CARTESIAN_POINT('',(214.7,-63.05,0.));
#1042 = CIRCLE('',#1043,0.75);
#1043 = AXIS2_PLACEMENT_3D('',#1044,#1045,#1046);
#1044 = CARTESIAN_POINT('',(214.7,-62.3,0.));
#1045 = DIRECTION('',(-0.,0.,-1.));
#1046 = DIRECTION('',(-0.,-1.,0.));
#1047 = PLANE('',#1048);
#1048 = AXIS2_PLACEMENT_3D('',#1049,#1050,#1051);
#1049 = CARTESIAN_POINT('',(0.,0.,0.));
#1050 = DIRECTION('',(0.,0.,1.));
#1051 = DIRECTION('',(1.,0.,-0.));
#1052 = ADVANCED_FACE('',(#1053,#1224,#1235,#1246,#1257,#1268,#1279,
    #1290,#1301,#1312,#1323,#1334,#1345,#1356,#1367,#1378,#1389,#1400,
    #1411,#1422,#1433,#1444,#1455,#1466,#1477,#1488,#1499,#1510,#1521,
    #1532,#1543,#1554,#1565,#1576,#1587,#1598,#1609,#1620,#1631,#1642,
    #1653,#1664,#1675,#1686,#1697,#1733,#1744,#1780,#1791,#1802,#1813,
    #1824,#1835,#1846,#1857,#1893,#1929,#1940,#1951),#1962,.T.);
#1053 = FACE_BOUND('',#1054,.T.);
#1054 = EDGE_LOOP('',(#1055,#1056,#1057,#1065,#1073,#1081,#1089,#1097,
    #1105,#1113,#1121,#1129,#1137,#1145,#1153,#1161,#1169,#1177,#1185,
    #1193,#1201,#1209,#1217,#1223));
#1055 = ORIENTED_EDGE('',*,*,#49,.F.);
#1056 = ORIENTED_EDGE('',*,*,#89,.F.);
#1057 = ORIENTED_EDGE('',*,*,#1058,.F.);
#1058 = EDGE_CURVE('',#1059,#82,#1061,.T.);
#1059 = VERTEX_POINT('',#1060);
#1060 = CARTESIAN_POINT('',(172.1,-60.2,1.51));
#1061 = LINE('',#1062,#1063);
#1062 = CARTESIAN_POINT('',(172.1,-60.2,1.51));
#1063 = VECTOR('',#1064,1.);
#1064 = DIRECTION('',(1.,0.,0.));
#1065 = ORIENTED_EDGE('',*,*,#1066,.F.);
#1066 = EDGE_CURVE('',#1067,#1059,#1069,.T.);
#1067 = VERTEX_POINT('',#1068);
#1068 = CARTESIAN_POINT('',(170.2,-61.9,1.51));
#1069 = LINE('',#1070,#1071);
#1070 = CARTESIAN_POINT('',(170.2,-61.9,1.51));
#1071 = VECTOR('',#1072,1.);
#1072 = DIRECTION('',(0.745241313525,0.66679485947,0.));
#1073 = ORIENTED_EDGE('',*,*,#1074,.F.);
#1074 = EDGE_CURVE('',#1075,#1067,#1077,.T.);
#1075 = VERTEX_POINT('',#1076);
#1076 = CARTESIAN_POINT('',(170.25,-95.8,1.51));
#1077 = LINE('',#1078,#1079);
#1078 = CARTESIAN_POINT('',(170.25,-95.8,1.51));
#1079 = VECTOR('',#1080,1.);
#1080 = DIRECTION('',(-1.474924649407E-03,0.999998912298,0.));
#1081 = ORIENTED_EDGE('',*,*,#1082,.F.);
#1082 = EDGE_CURVE('',#1083,#1075,#1085,.T.);
#1083 = VERTEX_POINT('',#1084);
#1084 = CARTESIAN_POINT('',(174.5,-95.8,1.51));
#1085 = LINE('',#1086,#1087);
#1086 = CARTESIAN_POINT('',(174.5,-95.8,1.51));
#1087 = VECTOR('',#1088,1.);
#1088 = DIRECTION('',(-1.,0.,0.));
#1089 = ORIENTED_EDGE('',*,*,#1090,.F.);
#1090 = EDGE_CURVE('',#1091,#1083,#1093,.T.);
#1091 = VERTEX_POINT('',#1092);
#1092 = CARTESIAN_POINT('',(174.5,-103.8,1.51));
#1093 = LINE('',#1094,#1095);
#1094 = CARTESIAN_POINT('',(174.5,-103.8,1.51));
#1095 = VECTOR('',#1096,1.);
#1096 = DIRECTION('',(0.,1.,0.));
#1097 = ORIENTED_EDGE('',*,*,#1098,.F.);
#1098 = EDGE_CURVE('',#1099,#1091,#1101,.T.);
#1099 = VERTEX_POINT('',#1100);
#1100 = CARTESIAN_POINT('',(180.1,-103.8,1.51));
#1101 = LINE('',#1102,#1103);
#1102 = CARTESIAN_POINT('',(180.1,-103.8,1.51));
#1103 = VECTOR('',#1104,1.);
#1104 = DIRECTION('',(-1.,0.,0.));
#1105 = ORIENTED_EDGE('',*,*,#1106,.F.);
#1106 = EDGE_CURVE('',#1107,#1099,#1109,.T.);
#1107 = VERTEX_POINT('',#1108);
#1108 = CARTESIAN_POINT('',(180.1,-102.3,1.51));
#1109 = LINE('',#1110,#1111);
#1110 = CARTESIAN_POINT('',(180.1,-102.3,1.51));
#1111 = VECTOR('',#1112,1.);
#1112 = DIRECTION('',(0.,-1.,0.));
#1113 = ORIENTED_EDGE('',*,*,#1114,.F.);
#1114 = EDGE_CURVE('',#1115,#1107,#1117,.T.);
#1115 = VERTEX_POINT('',#1116);
#1116 = CARTESIAN_POINT('',(184.7,-102.3,1.51));
#1117 = LINE('',#1118,#1119);
#1118 = CARTESIAN_POINT('',(184.7,-102.3,1.51));
#1119 = VECTOR('',#1120,1.);
#1120 = DIRECTION('',(-1.,0.,0.));
#1121 = ORIENTED_EDGE('',*,*,#1122,.F.);
#1122 = EDGE_CURVE('',#1123,#1115,#1125,.T.);
#1123 = VERTEX_POINT('',#1124);
#1124 = CARTESIAN_POINT('',(184.7,-103.8,1.51));
#1125 = LINE('',#1126,#1127);
#1126 = CARTESIAN_POINT('',(184.7,-103.8,1.51));
#1127 = VECTOR('',#1128,1.);
#1128 = DIRECTION('',(0.,1.,0.));
#1129 = ORIENTED_EDGE('',*,*,#1130,.F.);
#1130 = EDGE_CURVE('',#1131,#1123,#1133,.T.);
#1131 = VERTEX_POINT('',#1132);
#1132 = CARTESIAN_POINT('',(215.8,-103.7,1.51));
#1133 = LINE('',#1134,#1135);
#1134 = CARTESIAN_POINT('',(215.8,-103.7,1.51));
#1135 = VECTOR('',#1136,1.);
#1136 = DIRECTION('',(-0.999994830532,-3.215417461517E-03,0.));
#1137 = ORIENTED_EDGE('',*,*,#1138,.F.);
#1138 = EDGE_CURVE('',#1139,#1131,#1141,.T.);
#1139 = VERTEX_POINT('',#1140);
#1140 = CARTESIAN_POINT('',(215.8,-95.3,1.51));
#1141 = LINE('',#1142,#1143);
#1142 = CARTESIAN_POINT('',(215.8,-95.3,1.51));
#1143 = VECTOR('',#1144,1.);
#1144 = DIRECTION('',(0.,-1.,0.));
#1145 = ORIENTED_EDGE('',*,*,#1146,.F.);
#1146 = EDGE_CURVE('',#1147,#1139,#1149,.T.);
#1147 = VERTEX_POINT('',#1148);
#1148 = CARTESIAN_POINT('',(218.3,-95.3,1.51));
#1149 = LINE('',#1150,#1151);
#1150 = CARTESIAN_POINT('',(218.3,-95.3,1.51));
#1151 = VECTOR('',#1152,1.);
#1152 = DIRECTION('',(-1.,0.,0.));
#1153 = ORIENTED_EDGE('',*,*,#1154,.F.);
#1154 = EDGE_CURVE('',#1155,#1147,#1157,.T.);
#1155 = VERTEX_POINT('',#1156);
#1156 = CARTESIAN_POINT('',(218.3,-92.3,1.51));
#1157 = LINE('',#1158,#1159);
#1158 = CARTESIAN_POINT('',(218.3,-92.3,1.51));
#1159 = VECTOR('',#1160,1.);
#1160 = DIRECTION('',(0.,-1.,0.));
#1161 = ORIENTED_EDGE('',*,*,#1162,.F.);
#1162 = EDGE_CURVE('',#1163,#1155,#1165,.T.);
#1163 = VERTEX_POINT('',#1164);
#1164 = CARTESIAN_POINT('',(219.8,-92.3,1.51));
#1165 = LINE('',#1166,#1167);
#1166 = CARTESIAN_POINT('',(219.8,-92.3,1.51));
#1167 = VECTOR('',#1168,1.);
#1168 = DIRECTION('',(-1.,0.,0.));
#1169 = ORIENTED_EDGE('',*,*,#1170,.F.);
#1170 = EDGE_CURVE('',#1171,#1163,#1173,.T.);
#1171 = VERTEX_POINT('',#1172);
#1172 = CARTESIAN_POINT('',(219.8,-62.,1.51));
#1173 = LINE('',#1174,#1175);
#1174 = CARTESIAN_POINT('',(219.8,-62.,1.51));
#1175 = VECTOR('',#1176,1.);
#1176 = DIRECTION('',(0.,-1.,0.));
#1177 = ORIENTED_EDGE('',*,*,#1178,.F.);
#1178 = EDGE_CURVE('',#1179,#1171,#1181,.T.);
#1179 = VERTEX_POINT('',#1180);
#1180 = CARTESIAN_POINT('',(218.,-60.2,1.51));
#1181 = LINE('',#1182,#1183);
#1182 = CARTESIAN_POINT('',(218.,-60.2,1.51));
#1183 = VECTOR('',#1184,1.);
#1184 = DIRECTION('',(0.707106781187,-0.707106781187,0.));
#1185 = ORIENTED_EDGE('',*,*,#1186,.F.);
#1186 = EDGE_CURVE('',#1187,#1179,#1189,.T.);
#1187 = VERTEX_POINT('',#1188);
#1188 = CARTESIAN_POINT('',(212.7,-60.2,1.51));
#1189 = LINE('',#1190,#1191);
#1190 = CARTESIAN_POINT('',(212.7,-60.2,1.51));
#1191 = VECTOR('',#1192,1.);
#1192 = DIRECTION('',(1.,0.,0.));
#1193 = ORIENTED_EDGE('',*,*,#1194,.F.);
#1194 = EDGE_CURVE('',#1195,#1187,#1197,.T.);
#1195 = VERTEX_POINT('',#1196);
#1196 = CARTESIAN_POINT('',(212.7,-61.6,1.51));
#1197 = LINE('',#1198,#1199);
#1198 = CARTESIAN_POINT('',(212.7,-61.6,1.51));
#1199 = VECTOR('',#1200,1.);
#1200 = DIRECTION('',(0.,1.,0.));
#1201 = ORIENTED_EDGE('',*,*,#1202,.F.);
#1202 = EDGE_CURVE('',#1203,#1195,#1205,.T.);
#1203 = VERTEX_POINT('',#1204);
#1204 = CARTESIAN_POINT('',(208.8,-61.6,1.51));
#1205 = LINE('',#1206,#1207);
#1206 = CARTESIAN_POINT('',(208.8,-61.6,1.51));
#1207 = VECTOR('',#1208,1.);
#1208 = DIRECTION('',(1.,0.,0.));
#1209 = ORIENTED_EDGE('',*,*,#1210,.F.);
#1210 = EDGE_CURVE('',#1211,#1203,#1213,.T.);
#1211 = VERTEX_POINT('',#1212);
#1212 = CARTESIAN_POINT('',(208.8,-60.2,1.51));
#1213 = LINE('',#1214,#1215);
#1214 = CARTESIAN_POINT('',(208.8,-60.2,1.51));
#1215 = VECTOR('',#1216,1.);
#1216 = DIRECTION('',(0.,-1.,0.));
#1217 = ORIENTED_EDGE('',*,*,#1218,.F.);
#1218 = EDGE_CURVE('',#112,#1211,#1219,.T.);
#1219 = LINE('',#1220,#1221);
#1220 = CARTESIAN_POINT('',(187.6,-60.2,1.51));
#1221 = VECTOR('',#1222,1.);
#1222 = DIRECTION('',(1.,0.,0.));
#1223 = ORIENTED_EDGE('',*,*,#111,.F.);
#1224 = FACE_BOUND('',#1225,.T.);
#1225 = EDGE_LOOP('',(#1226));
#1226 = ORIENTED_EDGE('',*,*,#1227,.T.);
#1227 = EDGE_CURVE('',#1228,#1228,#1230,.T.);
#1228 = VERTEX_POINT('',#1229);
#1229 = CARTESIAN_POINT('',(178.,-100.75,1.51));
#1230 = CIRCLE('',#1231,0.75);
#1231 = AXIS2_PLACEMENT_3D('',#1232,#1233,#1234);
#1232 = CARTESIAN_POINT('',(178.,-100.,1.51));
#1233 = DIRECTION('',(-0.,0.,-1.));
#1234 = DIRECTION('',(-0.,-1.,0.));
#1235 = FACE_BOUND('',#1236,.T.);
#1236 = EDGE_LOOP('',(#1237));
#1237 = ORIENTED_EDGE('',*,*,#1238,.T.);
#1238 = EDGE_CURVE('',#1239,#1239,#1241,.T.);
#1239 = VERTEX_POINT('',#1240);
#1240 = CARTESIAN_POINT('',(187.62,-102.3,1.51));
#1241 = CIRCLE('',#1242,0.5);
#1242 = AXIS2_PLACEMENT_3D('',#1243,#1244,#1245);
#1243 = CARTESIAN_POINT('',(187.62,-101.8,1.51));
#1244 = DIRECTION('',(-0.,0.,-1.));
#1245 = DIRECTION('',(-0.,-1.,0.));
#1246 = FACE_BOUND('',#1247,.T.);
#1247 = EDGE_LOOP('',(#1248));
#1248 = ORIENTED_EDGE('',*,*,#1249,.T.);
#1249 = EDGE_CURVE('',#1250,#1250,#1252,.T.);
#1250 = VERTEX_POINT('',#1251);
#1251 = CARTESIAN_POINT('',(190.16,-102.3,1.51));
#1252 = CIRCLE('',#1253,0.5);
#1253 = AXIS2_PLACEMENT_3D('',#1254,#1255,#1256);
#1254 = CARTESIAN_POINT('',(190.16,-101.8,1.51));
#1255 = DIRECTION('',(-0.,0.,-1.));
#1256 = DIRECTION('',(-0.,-1.,0.));
#1257 = FACE_BOUND('',#1258,.T.);
#1258 = EDGE_LOOP('',(#1259));
#1259 = ORIENTED_EDGE('',*,*,#1260,.T.);
#1260 = EDGE_CURVE('',#1261,#1261,#1263,.T.);
#1261 = VERTEX_POINT('',#1262);
#1262 = CARTESIAN_POINT('',(192.7,-102.3,1.51));
#1263 = CIRCLE('',#1264,0.5);
#1264 = AXIS2_PLACEMENT_3D('',#1265,#1266,#1267);
#1265 = CARTESIAN_POINT('',(192.7,-101.8,1.51));
#1266 = DIRECTION('',(-0.,0.,-1.));
#1267 = DIRECTION('',(-0.,-1.,0.));
#1268 = FACE_BOUND('',#1269,.T.);
#1269 = EDGE_LOOP('',(#1270));
#1270 = ORIENTED_EDGE('',*,*,#1271,.T.);
#1271 = EDGE_CURVE('',#1272,#1272,#1274,.T.);
#1272 = VERTEX_POINT('',#1273);
#1273 = CARTESIAN_POINT('',(190.18,-98.7,1.51));
#1274 = CIRCLE('',#1275,0.5);
#1275 = AXIS2_PLACEMENT_3D('',#1276,#1277,#1278);
#1276 = CARTESIAN_POINT('',(190.18,-98.2,1.51));
#1277 = DIRECTION('',(-0.,0.,-1.));
#1278 = DIRECTION('',(-0.,-1.,0.));
#1279 = FACE_BOUND('',#1280,.T.);
#1280 = EDGE_LOOP('',(#1281));
#1281 = ORIENTED_EDGE('',*,*,#1282,.T.);
#1282 = EDGE_CURVE('',#1283,#1283,#1285,.T.);
#1283 = VERTEX_POINT('',#1284);
#1284 = CARTESIAN_POINT('',(192.72,-98.7,1.51));
#1285 = CIRCLE('',#1286,0.5);
#1286 = AXIS2_PLACEMENT_3D('',#1287,#1288,#1289);
#1287 = CARTESIAN_POINT('',(192.72,-98.2,1.51));
#1288 = DIRECTION('',(-0.,0.,-1.));
#1289 = DIRECTION('',(-0.,-1.,0.));
#1290 = FACE_BOUND('',#1291,.T.);
#1291 = EDGE_LOOP('',(#1292));
#1292 = ORIENTED_EDGE('',*,*,#1293,.T.);
#1293 = EDGE_CURVE('',#1294,#1294,#1296,.T.);
#1294 = VERTEX_POINT('',#1295);
#1295 = CARTESIAN_POINT('',(193.8,-93.14,1.51));
#1296 = CIRCLE('',#1297,0.5);
#1297 = AXIS2_PLACEMENT_3D('',#1298,#1299,#1300);
#1298 = CARTESIAN_POINT('',(193.8,-92.64,1.51));
#1299 = DIRECTION('',(-0.,0.,-1.));
#1300 = DIRECTION('',(-0.,-1.,0.));
#1301 = FACE_BOUND('',#1302,.T.);
#1302 = EDGE_LOOP('',(#1303));
#1303 = ORIENTED_EDGE('',*,*,#1304,.T.);
#1304 = EDGE_CURVE('',#1305,#1305,#1307,.T.);
#1305 = VERTEX_POINT('',#1306);
#1306 = CARTESIAN_POINT('',(176.,-89.05,1.51));
#1307 = CIRCLE('',#1308,0.15);
#1308 = AXIS2_PLACEMENT_3D('',#1309,#1310,#1311);
#1309 = CARTESIAN_POINT('',(176.,-88.9,1.51));
#1310 = DIRECTION('',(-0.,0.,-1.));
#1311 = DIRECTION('',(-0.,-1.,0.));
#1312 = FACE_BOUND('',#1313,.T.);
#1313 = EDGE_LOOP('',(#1314));
#1314 = ORIENTED_EDGE('',*,*,#1315,.T.);
#1315 = EDGE_CURVE('',#1316,#1316,#1318,.T.);
#1316 = VERTEX_POINT('',#1317);
#1317 = CARTESIAN_POINT('',(176.9,-89.05,1.51));
#1318 = CIRCLE('',#1319,0.15);
#1319 = AXIS2_PLACEMENT_3D('',#1320,#1321,#1322);
#1320 = CARTESIAN_POINT('',(176.9,-88.9,1.51));
#1321 = DIRECTION('',(-0.,0.,-1.));
#1322 = DIRECTION('',(-0.,-1.,0.));
#1323 = FACE_BOUND('',#1324,.T.);
#1324 = EDGE_LOOP('',(#1325));
#1325 = ORIENTED_EDGE('',*,*,#1326,.T.);
#1326 = EDGE_CURVE('',#1327,#1327,#1329,.T.);
#1327 = VERTEX_POINT('',#1328);
#1328 = CARTESIAN_POINT('',(177.9,-89.05,1.51));
#1329 = CIRCLE('',#1330,0.15);
#1330 = AXIS2_PLACEMENT_3D('',#1331,#1332,#1333);
#1331 = CARTESIAN_POINT('',(177.9,-88.9,1.51));
#1332 = DIRECTION('',(-0.,0.,-1.));
#1333 = DIRECTION('',(-0.,-1.,0.));
#1334 = FACE_BOUND('',#1335,.T.);
#1335 = EDGE_LOOP('',(#1336));
#1336 = ORIENTED_EDGE('',*,*,#1337,.T.);
#1337 = EDGE_CURVE('',#1338,#1338,#1340,.T.);
#1338 = VERTEX_POINT('',#1339);
#1339 = CARTESIAN_POINT('',(176.,-88.05,1.51));
#1340 = CIRCLE('',#1341,0.15);
#1341 = AXIS2_PLACEMENT_3D('',#1342,#1343,#1344);
#1342 = CARTESIAN_POINT('',(176.,-87.9,1.51));
#1343 = DIRECTION('',(-0.,0.,-1.));
#1344 = DIRECTION('',(-0.,-1.,0.));
#1345 = FACE_BOUND('',#1346,.T.);
#1346 = EDGE_LOOP('',(#1347));
#1347 = ORIENTED_EDGE('',*,*,#1348,.T.);
#1348 = EDGE_CURVE('',#1349,#1349,#1351,.T.);
#1349 = VERTEX_POINT('',#1350);
#1350 = CARTESIAN_POINT('',(176.9,-88.05,1.51));
#1351 = CIRCLE('',#1352,0.15);
#1352 = AXIS2_PLACEMENT_3D('',#1353,#1354,#1355);
#1353 = CARTESIAN_POINT('',(176.9,-87.9,1.51));
#1354 = DIRECTION('',(-0.,0.,-1.));
#1355 = DIRECTION('',(-0.,-1.,0.));
#1356 = FACE_BOUND('',#1357,.T.);
#1357 = EDGE_LOOP('',(#1358));
#1358 = ORIENTED_EDGE('',*,*,#1359,.T.);
#1359 = EDGE_CURVE('',#1360,#1360,#1362,.T.);
#1360 = VERTEX_POINT('',#1361);
#1361 = CARTESIAN_POINT('',(177.9,-88.05,1.51));
#1362 = CIRCLE('',#1363,0.15);
#1363 = AXIS2_PLACEMENT_3D('',#1364,#1365,#1366);
#1364 = CARTESIAN_POINT('',(177.9,-87.9,1.51));
#1365 = DIRECTION('',(-0.,0.,-1.));
#1366 = DIRECTION('',(-0.,-1.,0.));
#1367 = FACE_BOUND('',#1368,.T.);
#1368 = EDGE_LOOP('',(#1369));
#1369 = ORIENTED_EDGE('',*,*,#1370,.T.);
#1370 = EDGE_CURVE('',#1371,#1371,#1373,.T.);
#1371 = VERTEX_POINT('',#1372);
#1372 = CARTESIAN_POINT('',(178.8,-89.05,1.51));
#1373 = CIRCLE('',#1374,0.15);
#1374 = AXIS2_PLACEMENT_3D('',#1375,#1376,#1377);
#1375 = CARTESIAN_POINT('',(178.8,-88.9,1.51));
#1376 = DIRECTION('',(-0.,0.,-1.));
#1377 = DIRECTION('',(-0.,-1.,0.));
#1378 = FACE_BOUND('',#1379,.T.);
#1379 = EDGE_LOOP('',(#1380));
#1380 = ORIENTED_EDGE('',*,*,#1381,.T.);
#1381 = EDGE_CURVE('',#1382,#1382,#1384,.T.);
#1382 = VERTEX_POINT('',#1383);
#1383 = CARTESIAN_POINT('',(178.8,-88.05,1.51));
#1384 = CIRCLE('',#1385,0.15);
#1385 = AXIS2_PLACEMENT_3D('',#1386,#1387,#1388);
#1386 = CARTESIAN_POINT('',(178.8,-87.9,1.51));
#1387 = DIRECTION('',(-0.,0.,-1.));
#1388 = DIRECTION('',(-0.,-1.,0.));
#1389 = FACE_BOUND('',#1390,.T.);
#1390 = EDGE_LOOP('',(#1391));
#1391 = ORIENTED_EDGE('',*,*,#1392,.T.);
#1392 = EDGE_CURVE('',#1393,#1393,#1395,.T.);
#1393 = VERTEX_POINT('',#1394);
#1394 = CARTESIAN_POINT('',(176.,-87.05,1.51));
#1395 = CIRCLE('',#1396,0.15);
#1396 = AXIS2_PLACEMENT_3D('',#1397,#1398,#1399);
#1397 = CARTESIAN_POINT('',(176.,-86.9,1.51));
#1398 = DIRECTION('',(-0.,0.,-1.));
#1399 = DIRECTION('',(-0.,-1.,0.));
#1400 = FACE_BOUND('',#1401,.T.);
#1401 = EDGE_LOOP('',(#1402));
#1402 = ORIENTED_EDGE('',*,*,#1403,.T.);
#1403 = EDGE_CURVE('',#1404,#1404,#1406,.T.);
#1404 = VERTEX_POINT('',#1405);
#1405 = CARTESIAN_POINT('',(176.9,-87.05,1.51));
#1406 = CIRCLE('',#1407,0.15);
#1407 = AXIS2_PLACEMENT_3D('',#1408,#1409,#1410);
#1408 = CARTESIAN_POINT('',(176.9,-86.9,1.51));
#1409 = DIRECTION('',(-0.,0.,-1.));
#1410 = DIRECTION('',(-0.,-1.,0.));
#1411 = FACE_BOUND('',#1412,.T.);
#1412 = EDGE_LOOP('',(#1413));
#1413 = ORIENTED_EDGE('',*,*,#1414,.T.);
#1414 = EDGE_CURVE('',#1415,#1415,#1417,.T.);
#1415 = VERTEX_POINT('',#1416);
#1416 = CARTESIAN_POINT('',(176.,-86.15,1.51));
#1417 = CIRCLE('',#1418,0.15);
#1418 = AXIS2_PLACEMENT_3D('',#1419,#1420,#1421);
#1419 = CARTESIAN_POINT('',(176.,-86.,1.51));
#1420 = DIRECTION('',(-0.,0.,-1.));
#1421 = DIRECTION('',(-0.,-1.,0.));
#1422 = FACE_BOUND('',#1423,.T.);
#1423 = EDGE_LOOP('',(#1424));
#1424 = ORIENTED_EDGE('',*,*,#1425,.T.);
#1425 = EDGE_CURVE('',#1426,#1426,#1428,.T.);
#1426 = VERTEX_POINT('',#1427);
#1427 = CARTESIAN_POINT('',(176.9,-86.15,1.51));
#1428 = CIRCLE('',#1429,0.15);
#1429 = AXIS2_PLACEMENT_3D('',#1430,#1431,#1432);
#1430 = CARTESIAN_POINT('',(176.9,-86.,1.51));
#1431 = DIRECTION('',(-0.,0.,-1.));
#1432 = DIRECTION('',(-0.,-1.,0.));
#1433 = FACE_BOUND('',#1434,.T.);
#1434 = EDGE_LOOP('',(#1435));
#1435 = ORIENTED_EDGE('',*,*,#1436,.T.);
#1436 = EDGE_CURVE('',#1437,#1437,#1439,.T.);
#1437 = VERTEX_POINT('',#1438);
#1438 = CARTESIAN_POINT('',(177.9,-87.05,1.51));
#1439 = CIRCLE('',#1440,0.15);
#1440 = AXIS2_PLACEMENT_3D('',#1441,#1442,#1443);
#1441 = CARTESIAN_POINT('',(177.9,-86.9,1.51));
#1442 = DIRECTION('',(-0.,0.,-1.));
#1443 = DIRECTION('',(-0.,-1.,0.));
#1444 = FACE_BOUND('',#1445,.T.);
#1445 = EDGE_LOOP('',(#1446));
#1446 = ORIENTED_EDGE('',*,*,#1447,.T.);
#1447 = EDGE_CURVE('',#1448,#1448,#1450,.T.);
#1448 = VERTEX_POINT('',#1449);
#1449 = CARTESIAN_POINT('',(177.9,-86.15,1.51));
#1450 = CIRCLE('',#1451,0.15);
#1451 = AXIS2_PLACEMENT_3D('',#1452,#1453,#1454);
#1452 = CARTESIAN_POINT('',(177.9,-86.,1.51));
#1453 = DIRECTION('',(-0.,0.,-1.));
#1454 = DIRECTION('',(-0.,-1.,0.));
#1455 = FACE_BOUND('',#1456,.T.);
#1456 = EDGE_LOOP('',(#1457));
#1457 = ORIENTED_EDGE('',*,*,#1458,.T.);
#1458 = EDGE_CURVE('',#1459,#1459,#1461,.T.);
#1459 = VERTEX_POINT('',#1460);
#1460 = CARTESIAN_POINT('',(178.8,-87.05,1.51));
#1461 = CIRCLE('',#1462,0.15);
#1462 = AXIS2_PLACEMENT_3D('',#1463,#1464,#1465);
#1463 = CARTESIAN_POINT('',(178.8,-86.9,1.51));
#1464 = DIRECTION('',(-0.,0.,-1.));
#1465 = DIRECTION('',(-0.,-1.,0.));
#1466 = FACE_BOUND('',#1467,.T.);
#1467 = EDGE_LOOP('',(#1468));
#1468 = ORIENTED_EDGE('',*,*,#1469,.T.);
#1469 = EDGE_CURVE('',#1470,#1470,#1472,.T.);
#1470 = VERTEX_POINT('',#1471);
#1471 = CARTESIAN_POINT('',(178.8,-86.15,1.51));
#1472 = CIRCLE('',#1473,0.15);
#1473 = AXIS2_PLACEMENT_3D('',#1474,#1475,#1476);
#1474 = CARTESIAN_POINT('',(178.8,-86.,1.51));
#1475 = DIRECTION('',(-0.,0.,-1.));
#1476 = DIRECTION('',(-0.,-1.,0.));
#1477 = FACE_BOUND('',#1478,.T.);
#1478 = EDGE_LOOP('',(#1479));
#1479 = ORIENTED_EDGE('',*,*,#1480,.T.);
#1480 = EDGE_CURVE('',#1481,#1481,#1483,.T.);
#1481 = VERTEX_POINT('',#1482);
#1482 = CARTESIAN_POINT('',(193.8,-90.6,1.51));
#1483 = CIRCLE('',#1484,0.5);
#1484 = AXIS2_PLACEMENT_3D('',#1485,#1486,#1487);
#1485 = CARTESIAN_POINT('',(193.8,-90.1,1.51));
#1486 = DIRECTION('',(-0.,0.,-1.));
#1487 = DIRECTION('',(-0.,-1.,0.));
#1488 = FACE_BOUND('',#1489,.T.);
#1489 = EDGE_LOOP('',(#1490));
#1490 = ORIENTED_EDGE('',*,*,#1491,.T.);
#1491 = EDGE_CURVE('',#1492,#1492,#1494,.T.);
#1492 = VERTEX_POINT('',#1493);
#1493 = CARTESIAN_POINT('',(193.8,-88.06,1.51));
#1494 = CIRCLE('',#1495,0.5);
#1495 = AXIS2_PLACEMENT_3D('',#1496,#1497,#1498);
#1496 = CARTESIAN_POINT('',(193.8,-87.56,1.51));
#1497 = DIRECTION('',(-0.,0.,-1.));
#1498 = DIRECTION('',(-0.,-1.,0.));
#1499 = FACE_BOUND('',#1500,.T.);
#1500 = EDGE_LOOP('',(#1501));
#1501 = ORIENTED_EDGE('',*,*,#1502,.T.);
#1502 = EDGE_CURVE('',#1503,#1503,#1505,.T.);
#1503 = VERTEX_POINT('',#1504);
#1504 = CARTESIAN_POINT('',(195.24,-102.3,1.51));
#1505 = CIRCLE('',#1506,0.5);
#1506 = AXIS2_PLACEMENT_3D('',#1507,#1508,#1509);
#1507 = CARTESIAN_POINT('',(195.24,-101.8,1.51));
#1508 = DIRECTION('',(-0.,0.,-1.));
#1509 = DIRECTION('',(-0.,-1.,0.));
#1510 = FACE_BOUND('',#1511,.T.);
#1511 = EDGE_LOOP('',(#1512));
#1512 = ORIENTED_EDGE('',*,*,#1513,.T.);
#1513 = EDGE_CURVE('',#1514,#1514,#1516,.T.);
#1514 = VERTEX_POINT('',#1515);
#1515 = CARTESIAN_POINT('',(197.78,-102.3,1.51));
#1516 = CIRCLE('',#1517,0.5);
#1517 = AXIS2_PLACEMENT_3D('',#1518,#1519,#1520);
#1518 = CARTESIAN_POINT('',(197.78,-101.8,1.51));
#1519 = DIRECTION('',(-0.,0.,-1.));
#1520 = DIRECTION('',(-0.,-1.,0.));
#1521 = FACE_BOUND('',#1522,.T.);
#1522 = EDGE_LOOP('',(#1523));
#1523 = ORIENTED_EDGE('',*,*,#1524,.T.);
#1524 = EDGE_CURVE('',#1525,#1525,#1527,.T.);
#1525 = VERTEX_POINT('',#1526);
#1526 = CARTESIAN_POINT('',(195.26,-98.7,1.51));
#1527 = CIRCLE('',#1528,0.5);
#1528 = AXIS2_PLACEMENT_3D('',#1529,#1530,#1531);
#1529 = CARTESIAN_POINT('',(195.26,-98.2,1.51));
#1530 = DIRECTION('',(-0.,0.,-1.));
#1531 = DIRECTION('',(-0.,-1.,0.));
#1532 = FACE_BOUND('',#1533,.T.);
#1533 = EDGE_LOOP('',(#1534));
#1534 = ORIENTED_EDGE('',*,*,#1535,.T.);
#1535 = EDGE_CURVE('',#1536,#1536,#1538,.T.);
#1536 = VERTEX_POINT('',#1537);
#1537 = CARTESIAN_POINT('',(197.8,-98.7,1.51));
#1538 = CIRCLE('',#1539,0.5);
#1539 = AXIS2_PLACEMENT_3D('',#1540,#1541,#1542);
#1540 = CARTESIAN_POINT('',(197.8,-98.2,1.51));
#1541 = DIRECTION('',(-0.,0.,-1.));
#1542 = DIRECTION('',(-0.,-1.,0.));
#1543 = FACE_BOUND('',#1544,.T.);
#1544 = EDGE_LOOP('',(#1545));
#1545 = ORIENTED_EDGE('',*,*,#1546,.T.);
#1546 = EDGE_CURVE('',#1547,#1547,#1549,.T.);
#1547 = VERTEX_POINT('',#1548);
#1548 = CARTESIAN_POINT('',(202.6,-101.275,1.51));
#1549 = CIRCLE('',#1550,0.475);
#1550 = AXIS2_PLACEMENT_3D('',#1551,#1552,#1553);
#1551 = CARTESIAN_POINT('',(202.6,-100.8,1.51));
#1552 = DIRECTION('',(-0.,0.,-1.));
#1553 = DIRECTION('',(-0.,-1.,0.));
#1554 = FACE_BOUND('',#1555,.T.);
#1555 = EDGE_LOOP('',(#1556));
#1556 = ORIENTED_EDGE('',*,*,#1557,.T.);
#1557 = EDGE_CURVE('',#1558,#1558,#1560,.T.);
#1558 = VERTEX_POINT('',#1559);
#1559 = CARTESIAN_POINT('',(205.1,-101.275,1.51));
#1560 = CIRCLE('',#1561,0.475);
#1561 = AXIS2_PLACEMENT_3D('',#1562,#1563,#1564);
#1562 = CARTESIAN_POINT('',(205.1,-100.8,1.51));
#1563 = DIRECTION('',(-0.,0.,-1.));
#1564 = DIRECTION('',(-0.,-1.,0.));
#1565 = FACE_BOUND('',#1566,.T.);
#1566 = EDGE_LOOP('',(#1567));
#1567 = ORIENTED_EDGE('',*,*,#1568,.T.);
#1568 = EDGE_CURVE('',#1569,#1569,#1571,.T.);
#1569 = VERTEX_POINT('',#1570);
#1570 = CARTESIAN_POINT('',(207.6,-101.275,1.51));
#1571 = CIRCLE('',#1572,0.475);
#1572 = AXIS2_PLACEMENT_3D('',#1573,#1574,#1575);
#1573 = CARTESIAN_POINT('',(207.6,-100.8,1.51));
#1574 = DIRECTION('',(-0.,0.,-1.));
#1575 = DIRECTION('',(-0.,-1.,0.));
#1576 = FACE_BOUND('',#1577,.T.);
#1577 = EDGE_LOOP('',(#1578));
#1578 = ORIENTED_EDGE('',*,*,#1579,.T.);
#1579 = EDGE_CURVE('',#1580,#1580,#1582,.T.);
#1580 = VERTEX_POINT('',#1581);
#1581 = CARTESIAN_POINT('',(210.1,-101.275,1.51));
#1582 = CIRCLE('',#1583,0.475);
#1583 = AXIS2_PLACEMENT_3D('',#1584,#1585,#1586);
#1584 = CARTESIAN_POINT('',(210.1,-100.8,1.51));
#1585 = DIRECTION('',(-0.,0.,-1.));
#1586 = DIRECTION('',(-0.,-1.,0.));
#1587 = FACE_BOUND('',#1588,.T.);
#1588 = EDGE_LOOP('',(#1589));
#1589 = ORIENTED_EDGE('',*,*,#1590,.T.);
#1590 = EDGE_CURVE('',#1591,#1591,#1593,.T.);
#1591 = VERTEX_POINT('',#1592);
#1592 = CARTESIAN_POINT('',(212.6,-101.275,1.51));
#1593 = CIRCLE('',#1594,0.475);
#1594 = AXIS2_PLACEMENT_3D('',#1595,#1596,#1597);
#1595 = CARTESIAN_POINT('',(212.6,-100.8,1.51));
#1596 = DIRECTION('',(-0.,0.,-1.));
#1597 = DIRECTION('',(-0.,-1.,0.));
#1598 = FACE_BOUND('',#1599,.T.);
#1599 = EDGE_LOOP('',(#1600));
#1600 = ORIENTED_EDGE('',*,*,#1601,.T.);
#1601 = EDGE_CURVE('',#1602,#1602,#1604,.T.);
#1602 = VERTEX_POINT('',#1603);
#1603 = CARTESIAN_POINT('',(206.6,-92.64,1.51));
#1604 = CIRCLE('',#1605,0.5);
#1605 = AXIS2_PLACEMENT_3D('',#1606,#1607,#1608);
#1606 = CARTESIAN_POINT('',(206.6,-92.14,1.51));
#1607 = DIRECTION('',(-0.,0.,-1.));
#1608 = DIRECTION('',(-0.,-1.,0.));
#1609 = FACE_BOUND('',#1610,.T.);
#1610 = EDGE_LOOP('',(#1611));
#1611 = ORIENTED_EDGE('',*,*,#1612,.T.);
#1612 = EDGE_CURVE('',#1613,#1613,#1615,.T.);
#1613 = VERTEX_POINT('',#1614);
#1614 = CARTESIAN_POINT('',(206.6,-90.1,1.51));
#1615 = CIRCLE('',#1616,0.5);
#1616 = AXIS2_PLACEMENT_3D('',#1617,#1618,#1619);
#1617 = CARTESIAN_POINT('',(206.6,-89.6,1.51));
#1618 = DIRECTION('',(-0.,0.,-1.));
#1619 = DIRECTION('',(-0.,-1.,0.));
#1620 = FACE_BOUND('',#1621,.T.);
#1621 = EDGE_LOOP('',(#1622));
#1622 = ORIENTED_EDGE('',*,*,#1623,.T.);
#1623 = EDGE_CURVE('',#1624,#1624,#1626,.T.);
#1624 = VERTEX_POINT('',#1625);
#1625 = CARTESIAN_POINT('',(173.3,-78.575,1.51));
#1626 = CIRCLE('',#1627,0.475);
#1627 = AXIS2_PLACEMENT_3D('',#1628,#1629,#1630);
#1628 = CARTESIAN_POINT('',(173.3,-78.1,1.51));
#1629 = DIRECTION('',(-0.,0.,-1.));
#1630 = DIRECTION('',(-0.,-1.,0.));
#1631 = FACE_BOUND('',#1632,.T.);
#1632 = EDGE_LOOP('',(#1633));
#1633 = ORIENTED_EDGE('',*,*,#1634,.T.);
#1634 = EDGE_CURVE('',#1635,#1635,#1637,.T.);
#1635 = VERTEX_POINT('',#1636);
#1636 = CARTESIAN_POINT('',(175.8,-78.575,1.51));
#1637 = CIRCLE('',#1638,0.475);
#1638 = AXIS2_PLACEMENT_3D('',#1639,#1640,#1641);
#1639 = CARTESIAN_POINT('',(175.8,-78.1,1.51));
#1640 = DIRECTION('',(-0.,0.,-1.));
#1641 = DIRECTION('',(-0.,-1.,0.));
#1642 = FACE_BOUND('',#1643,.T.);
#1643 = EDGE_LOOP('',(#1644));
#1644 = ORIENTED_EDGE('',*,*,#1645,.T.);
#1645 = EDGE_CURVE('',#1646,#1646,#1648,.T.);
#1646 = VERTEX_POINT('',#1647);
#1647 = CARTESIAN_POINT('',(178.3,-78.575,1.51));
#1648 = CIRCLE('',#1649,0.475);
#1649 = AXIS2_PLACEMENT_3D('',#1650,#1651,#1652);
#1650 = CARTESIAN_POINT('',(178.3,-78.1,1.51));
#1651 = DIRECTION('',(-0.,0.,-1.));
#1652 = DIRECTION('',(-0.,-1.,0.));
#1653 = FACE_BOUND('',#1654,.T.);
#1654 = EDGE_LOOP('',(#1655));
#1655 = ORIENTED_EDGE('',*,*,#1656,.T.);
#1656 = EDGE_CURVE('',#1657,#1657,#1659,.T.);
#1657 = VERTEX_POINT('',#1658);
#1658 = CARTESIAN_POINT('',(180.8,-78.575,1.51));
#1659 = CIRCLE('',#1660,0.475);
#1660 = AXIS2_PLACEMENT_3D('',#1661,#1662,#1663);
#1661 = CARTESIAN_POINT('',(180.8,-78.1,1.51));
#1662 = DIRECTION('',(-0.,0.,-1.));
#1663 = DIRECTION('',(-0.,-1.,0.));
#1664 = FACE_BOUND('',#1665,.T.);
#1665 = EDGE_LOOP('',(#1666));
#1666 = ORIENTED_EDGE('',*,*,#1667,.T.);
#1667 = EDGE_CURVE('',#1668,#1668,#1670,.T.);
#1668 = VERTEX_POINT('',#1669);
#1669 = CARTESIAN_POINT('',(175.9,-72.09,1.51));
#1670 = CIRCLE('',#1671,0.5);
#1671 = AXIS2_PLACEMENT_3D('',#1672,#1673,#1674);
#1672 = CARTESIAN_POINT('',(175.9,-71.59,1.51));
#1673 = DIRECTION('',(-0.,0.,-1.));
#1674 = DIRECTION('',(-0.,-1.,0.));
#1675 = FACE_BOUND('',#1676,.T.);
#1676 = EDGE_LOOP('',(#1677));
#1677 = ORIENTED_EDGE('',*,*,#1678,.T.);
#1678 = EDGE_CURVE('',#1679,#1679,#1681,.T.);
#1679 = VERTEX_POINT('',#1680);
#1680 = CARTESIAN_POINT('',(178.44,-72.09,1.51));
#1681 = CIRCLE('',#1682,0.5);
#1682 = AXIS2_PLACEMENT_3D('',#1683,#1684,#1685);
#1683 = CARTESIAN_POINT('',(178.44,-71.59,1.51));
#1684 = DIRECTION('',(-0.,0.,-1.));
#1685 = DIRECTION('',(-0.,-1.,0.));
#1686 = FACE_BOUND('',#1687,.T.);
#1687 = EDGE_LOOP('',(#1688));
#1688 = ORIENTED_EDGE('',*,*,#1689,.T.);
#1689 = EDGE_CURVE('',#1690,#1690,#1692,.T.);
#1690 = VERTEX_POINT('',#1691);
#1691 = CARTESIAN_POINT('',(175.,-62.95,1.51));
#1692 = CIRCLE('',#1693,0.75);
#1693 = AXIS2_PLACEMENT_3D('',#1694,#1695,#1696);
#1694 = CARTESIAN_POINT('',(175.,-62.2,1.51));
#1695 = DIRECTION('',(-0.,0.,-1.));
#1696 = DIRECTION('',(-0.,-1.,0.));
#1697 = FACE_BOUND('',#1698,.T.);
#1698 = EDGE_LOOP('',(#1699,#1710,#1718,#1727));
#1699 = ORIENTED_EDGE('',*,*,#1700,.T.);
#1700 = EDGE_CURVE('',#1701,#1703,#1705,.T.);
#1701 = VERTEX_POINT('',#1702);
#1702 = CARTESIAN_POINT('',(189.18,-67.12,1.51));
#1703 = VERTEX_POINT('',#1704);
#1704 = CARTESIAN_POINT('',(189.78,-67.12,1.51));
#1705 = CIRCLE('',#1706,0.3);
#1706 = AXIS2_PLACEMENT_3D('',#1707,#1708,#1709);
#1707 = CARTESIAN_POINT('',(189.48,-67.12,1.51));
#1708 = DIRECTION('',(0.,-0.,-1.));
#1709 = DIRECTION('',(1.,0.,-0.));
#1710 = ORIENTED_EDGE('',*,*,#1711,.T.);
#1711 = EDGE_CURVE('',#1703,#1712,#1714,.T.);
#1712 = VERTEX_POINT('',#1713);
#1713 = CARTESIAN_POINT('',(189.78,-68.22,1.51));
#1714 = LINE('',#1715,#1716);
#1715 = CARTESIAN_POINT('',(189.78,-34.11,1.51));
#1716 = VECTOR('',#1717,1.);
#1717 = DIRECTION('',(0.,-1.,0.));
#1718 = ORIENTED_EDGE('',*,*,#1719,.T.);
#1719 = EDGE_CURVE('',#1712,#1720,#1722,.T.);
#1720 = VERTEX_POINT('',#1721);
#1721 = CARTESIAN_POINT('',(189.18,-68.22,1.51));
#1722 = CIRCLE('',#1723,0.3);
#1723 = AXIS2_PLACEMENT_3D('',#1724,#1725,#1726);
#1724 = CARTESIAN_POINT('',(189.48,-68.22,1.51));
#1725 = DIRECTION('',(-0.,0.,-1.));
#1726 = DIRECTION('',(-1.,0.,0.));
#1727 = ORIENTED_EDGE('',*,*,#1728,.T.);
#1728 = EDGE_CURVE('',#1720,#1701,#1729,.T.);
#1729 = LINE('',#1730,#1731);
#1730 = CARTESIAN_POINT('',(189.18,-33.56,1.51));
#1731 = VECTOR('',#1732,1.);
#1732 = DIRECTION('',(-0.,1.,0.));
#1733 = FACE_BOUND('',#1734,.T.);
#1734 = EDGE_LOOP('',(#1735));
#1735 = ORIENTED_EDGE('',*,*,#1736,.T.);
#1736 = EDGE_CURVE('',#1737,#1737,#1739,.T.);
#1737 = VERTEX_POINT('',#1738);
#1738 = CARTESIAN_POINT('',(190.91,-67.465,1.51));
#1739 = CIRCLE('',#1740,0.325);
#1740 = AXIS2_PLACEMENT_3D('',#1741,#1742,#1743);
#1741 = CARTESIAN_POINT('',(190.91,-67.14,1.51));
#1742 = DIRECTION('',(-0.,0.,-1.));
#1743 = DIRECTION('',(-8.745141363202E-14,-1.,0.));
#1744 = FACE_BOUND('',#1745,.T.);
#1745 = EDGE_LOOP('',(#1746,#1757,#1765,#1774));
#1746 = ORIENTED_EDGE('',*,*,#1747,.T.);
#1747 = EDGE_CURVE('',#1748,#1750,#1752,.T.);
#1748 = VERTEX_POINT('',#1749);
#1749 = CARTESIAN_POINT('',(189.18,-63.19,1.51));
#1750 = VERTEX_POINT('',#1751);
#1751 = CARTESIAN_POINT('',(189.78,-63.19,1.51));
#1752 = CIRCLE('',#1753,0.3);
#1753 = AXIS2_PLACEMENT_3D('',#1754,#1755,#1756);
#1754 = CARTESIAN_POINT('',(189.48,-63.19,1.51));
#1755 = DIRECTION('',(0.,-0.,-1.));
#1756 = DIRECTION('',(1.,2.368475785867E-14,-0.));
#1757 = ORIENTED_EDGE('',*,*,#1758,.T.);
#1758 = EDGE_CURVE('',#1750,#1759,#1761,.T.);
#1759 = VERTEX_POINT('',#1760);
#1760 = CARTESIAN_POINT('',(189.78,-63.79,1.51));
#1761 = LINE('',#1762,#1763);
#1762 = CARTESIAN_POINT('',(189.78,-31.895,1.51));
#1763 = VECTOR('',#1764,1.);
#1764 = DIRECTION('',(0.,-1.,0.));
#1765 = ORIENTED_EDGE('',*,*,#1766,.T.);
#1766 = EDGE_CURVE('',#1759,#1767,#1769,.T.);
#1767 = VERTEX_POINT('',#1768);
#1768 = CARTESIAN_POINT('',(189.18,-63.79,1.51));
#1769 = CIRCLE('',#1770,0.3);
#1770 = AXIS2_PLACEMENT_3D('',#1771,#1772,#1773);
#1771 = CARTESIAN_POINT('',(189.48,-63.79,1.51));
#1772 = DIRECTION('',(-0.,0.,-1.));
#1773 = DIRECTION('',(-1.,0.,0.));
#1774 = ORIENTED_EDGE('',*,*,#1775,.T.);
#1775 = EDGE_CURVE('',#1767,#1748,#1776,.T.);
#1776 = LINE('',#1777,#1778);
#1777 = CARTESIAN_POINT('',(189.18,-31.595,1.51));
#1778 = VECTOR('',#1779,1.);
#1779 = DIRECTION('',(-0.,1.,0.));
#1780 = FACE_BOUND('',#1781,.T.);
#1781 = EDGE_LOOP('',(#1782));
#1782 = ORIENTED_EDGE('',*,*,#1783,.T.);
#1783 = EDGE_CURVE('',#1784,#1784,#1786,.T.);
#1784 = VERTEX_POINT('',#1785);
#1785 = CARTESIAN_POINT('',(214.25,-80.375,1.51));
#1786 = CIRCLE('',#1787,0.5);
#1787 = AXIS2_PLACEMENT_3D('',#1788,#1789,#1790);
#1788 = CARTESIAN_POINT('',(214.25,-79.875,1.51));
#1789 = DIRECTION('',(-0.,0.,-1.));
#1790 = DIRECTION('',(-0.,-1.,0.));
#1791 = FACE_BOUND('',#1792,.T.);
#1792 = EDGE_LOOP('',(#1793));
#1793 = ORIENTED_EDGE('',*,*,#1794,.T.);
#1794 = EDGE_CURVE('',#1795,#1795,#1797,.T.);
#1795 = VERTEX_POINT('',#1796);
#1796 = CARTESIAN_POINT('',(216.75,-80.375,1.51));
#1797 = CIRCLE('',#1798,0.5);
#1798 = AXIS2_PLACEMENT_3D('',#1799,#1800,#1801);
#1799 = CARTESIAN_POINT('',(216.75,-79.875,1.51));
#1800 = DIRECTION('',(-0.,0.,-1.));
#1801 = DIRECTION('',(-0.,-1.,0.));
#1802 = FACE_BOUND('',#1803,.T.);
#1803 = EDGE_LOOP('',(#1804));
#1804 = ORIENTED_EDGE('',*,*,#1805,.T.);
#1805 = EDGE_CURVE('',#1806,#1806,#1808,.T.);
#1806 = VERTEX_POINT('',#1807);
#1807 = CARTESIAN_POINT('',(209.25,-73.45,1.51));
#1808 = CIRCLE('',#1809,0.475);
#1809 = AXIS2_PLACEMENT_3D('',#1810,#1811,#1812);
#1810 = CARTESIAN_POINT('',(209.25,-72.975,1.51));
#1811 = DIRECTION('',(-0.,0.,-1.));
#1812 = DIRECTION('',(-0.,-1.,0.));
#1813 = FACE_BOUND('',#1814,.T.);
#1814 = EDGE_LOOP('',(#1815));
#1815 = ORIENTED_EDGE('',*,*,#1816,.T.);
#1816 = EDGE_CURVE('',#1817,#1817,#1819,.T.);
#1817 = VERTEX_POINT('',#1818);
#1818 = CARTESIAN_POINT('',(211.75,-73.45,1.51));
#1819 = CIRCLE('',#1820,0.475);
#1820 = AXIS2_PLACEMENT_3D('',#1821,#1822,#1823);
#1821 = CARTESIAN_POINT('',(211.75,-72.975,1.51));
#1822 = DIRECTION('',(-0.,0.,-1.));
#1823 = DIRECTION('',(-0.,-1.,0.));
#1824 = FACE_BOUND('',#1825,.T.);
#1825 = EDGE_LOOP('',(#1826));
#1826 = ORIENTED_EDGE('',*,*,#1827,.T.);
#1827 = EDGE_CURVE('',#1828,#1828,#1830,.T.);
#1828 = VERTEX_POINT('',#1829);
#1829 = CARTESIAN_POINT('',(214.25,-73.45,1.51));
#1830 = CIRCLE('',#1831,0.475);
#1831 = AXIS2_PLACEMENT_3D('',#1832,#1833,#1834);
#1832 = CARTESIAN_POINT('',(214.25,-72.975,1.51));
#1833 = DIRECTION('',(-0.,0.,-1.));
#1834 = DIRECTION('',(-0.,-1.,0.));
#1835 = FACE_BOUND('',#1836,.T.);
#1836 = EDGE_LOOP('',(#1837));
#1837 = ORIENTED_EDGE('',*,*,#1838,.T.);
#1838 = EDGE_CURVE('',#1839,#1839,#1841,.T.);
#1839 = VERTEX_POINT('',#1840);
#1840 = CARTESIAN_POINT('',(216.75,-73.45,1.51));
#1841 = CIRCLE('',#1842,0.475);
#1842 = AXIS2_PLACEMENT_3D('',#1843,#1844,#1845);
#1843 = CARTESIAN_POINT('',(216.75,-72.975,1.51));
#1844 = DIRECTION('',(-0.,0.,-1.));
#1845 = DIRECTION('',(-0.,-1.,0.));
#1846 = FACE_BOUND('',#1847,.T.);
#1847 = EDGE_LOOP('',(#1848));
#1848 = ORIENTED_EDGE('',*,*,#1849,.T.);
#1849 = EDGE_CURVE('',#1850,#1850,#1852,.T.);
#1850 = VERTEX_POINT('',#1851);
#1851 = CARTESIAN_POINT('',(196.69,-67.465,1.51));
#1852 = CIRCLE('',#1853,0.325);
#1853 = AXIS2_PLACEMENT_3D('',#1854,#1855,#1856);
#1854 = CARTESIAN_POINT('',(196.69,-67.14,1.51));
#1855 = DIRECTION('',(-0.,0.,-1.));
#1856 = DIRECTION('',(-0.,-1.,0.));
#1857 = FACE_BOUND('',#1858,.T.);
#1858 = EDGE_LOOP('',(#1859,#1870,#1878,#1887));
#1859 = ORIENTED_EDGE('',*,*,#1860,.T.);
#1860 = EDGE_CURVE('',#1861,#1863,#1865,.T.);
#1861 = VERTEX_POINT('',#1862);
#1862 = CARTESIAN_POINT('',(197.82,-67.12,1.51));
#1863 = VERTEX_POINT('',#1864);
#1864 = CARTESIAN_POINT('',(198.42,-67.12,1.51));
#1865 = CIRCLE('',#1866,0.3);
#1866 = AXIS2_PLACEMENT_3D('',#1867,#1868,#1869);
#1867 = CARTESIAN_POINT('',(198.12,-67.12,1.51));
#1868 = DIRECTION('',(0.,-0.,-1.));
#1869 = DIRECTION('',(1.,-9.473903143468E-14,0.));
#1870 = ORIENTED_EDGE('',*,*,#1871,.T.);
#1871 = EDGE_CURVE('',#1863,#1872,#1874,.T.);
#1872 = VERTEX_POINT('',#1873);
#1873 = CARTESIAN_POINT('',(198.42,-68.22,1.51));
#1874 = LINE('',#1875,#1876);
#1875 = CARTESIAN_POINT('',(198.42,-34.11,1.51));
#1876 = VECTOR('',#1877,1.);
#1877 = DIRECTION('',(0.,-1.,0.));
#1878 = ORIENTED_EDGE('',*,*,#1879,.T.);
#1879 = EDGE_CURVE('',#1872,#1880,#1882,.T.);
#1880 = VERTEX_POINT('',#1881);
#1881 = CARTESIAN_POINT('',(197.82,-68.22,1.51));
#1882 = CIRCLE('',#1883,0.3);
#1883 = AXIS2_PLACEMENT_3D('',#1884,#1885,#1886);
#1884 = CARTESIAN_POINT('',(198.12,-68.22,1.51));
#1885 = DIRECTION('',(-0.,0.,-1.));
#1886 = DIRECTION('',(-1.,4.736951571734E-14,0.));
#1887 = ORIENTED_EDGE('',*,*,#1888,.T.);
#1888 = EDGE_CURVE('',#1880,#1861,#1889,.T.);
#1889 = LINE('',#1890,#1891);
#1890 = CARTESIAN_POINT('',(197.82,-33.56,1.51));
#1891 = VECTOR('',#1892,1.);
#1892 = DIRECTION('',(-0.,1.,0.));
#1893 = FACE_BOUND('',#1894,.T.);
#1894 = EDGE_LOOP('',(#1895,#1906,#1914,#1923));
#1895 = ORIENTED_EDGE('',*,*,#1896,.T.);
#1896 = EDGE_CURVE('',#1897,#1899,#1901,.T.);
#1897 = VERTEX_POINT('',#1898);
#1898 = CARTESIAN_POINT('',(197.82,-63.19,1.51));
#1899 = VERTEX_POINT('',#1900);
#1900 = CARTESIAN_POINT('',(198.42,-63.19,1.51));
#1901 = CIRCLE('',#1902,0.3);
#1902 = AXIS2_PLACEMENT_3D('',#1903,#1904,#1905);
#1903 = CARTESIAN_POINT('',(198.12,-63.19,1.51));
#1904 = DIRECTION('',(0.,-0.,-1.));
#1905 = DIRECTION('',(1.,-2.368475785867E-14,0.));
#1906 = ORIENTED_EDGE('',*,*,#1907,.T.);
#1907 = EDGE_CURVE('',#1899,#1908,#1910,.T.);
#1908 = VERTEX_POINT('',#1909);
#1909 = CARTESIAN_POINT('',(198.42,-63.79,1.51));
#1910 = LINE('',#1911,#1912);
#1911 = CARTESIAN_POINT('',(198.42,-31.895,1.51));
#1912 = VECTOR('',#1913,1.);
#1913 = DIRECTION('',(0.,-1.,0.));
#1914 = ORIENTED_EDGE('',*,*,#1915,.T.);
#1915 = EDGE_CURVE('',#1908,#1916,#1918,.T.);
#1916 = VERTEX_POINT('',#1917);
#1917 = CARTESIAN_POINT('',(197.82,-63.79,1.51));
#1918 = CIRCLE('',#1919,0.3);
#1919 = AXIS2_PLACEMENT_3D('',#1920,#1921,#1922);
#1920 = CARTESIAN_POINT('',(198.12,-63.79,1.51));
#1921 = DIRECTION('',(-0.,0.,-1.));
#1922 = DIRECTION('',(-1.,4.736951571734E-14,0.));
#1923 = ORIENTED_EDGE('',*,*,#1924,.T.);
#1924 = EDGE_CURVE('',#1916,#1897,#1925,.T.);
#1925 = LINE('',#1926,#1927);
#1926 = CARTESIAN_POINT('',(197.82,-31.595,1.51));
#1927 = VECTOR('',#1928,1.);
#1928 = DIRECTION('',(-0.,1.,0.));
#1929 = FACE_BOUND('',#1930,.T.);
#1930 = EDGE_LOOP('',(#1931));
#1931 = ORIENTED_EDGE('',*,*,#1932,.T.);
#1932 = EDGE_CURVE('',#1933,#1933,#1935,.T.);
#1933 = VERTEX_POINT('',#1934);
#1934 = CARTESIAN_POINT('',(207.6,-66.4,1.51));
#1935 = CIRCLE('',#1936,0.5);
#1936 = AXIS2_PLACEMENT_3D('',#1937,#1938,#1939);
#1937 = CARTESIAN_POINT('',(207.6,-65.9,1.51));
#1938 = DIRECTION('',(-0.,0.,-1.));
#1939 = DIRECTION('',(-0.,-1.,0.));
#1940 = FACE_BOUND('',#1941,.T.);
#1941 = EDGE_LOOP('',(#1942));
#1942 = ORIENTED_EDGE('',*,*,#1943,.T.);
#1943 = EDGE_CURVE('',#1944,#1944,#1946,.T.);
#1944 = VERTEX_POINT('',#1945);
#1945 = CARTESIAN_POINT('',(210.1,-66.4,1.51));
#1946 = CIRCLE('',#1947,0.5);
#1947 = AXIS2_PLACEMENT_3D('',#1948,#1949,#1950);
#1948 = CARTESIAN_POINT('',(210.1,-65.9,1.51));
#1949 = DIRECTION('',(-0.,0.,-1.));
#1950 = DIRECTION('',(-0.,-1.,0.));
#1951 = FACE_BOUND('',#1952,.T.);
#1952 = EDGE_LOOP('',(#1953));
#1953 = ORIENTED_EDGE('',*,*,#1954,.T.);
#1954 = EDGE_CURVE('',#1955,#1955,#1957,.T.);
#1955 = VERTEX_POINT('',#1956);
#1956 = CARTESIAN_POINT('',(214.7,-63.05,1.51));
#1957 = CIRCLE('',#1958,0.75);
#1958 = AXIS2_PLACEMENT_3D('',#1959,#1960,#1961);
#1959 = CARTESIAN_POINT('',(214.7,-62.3,1.51));
#1960 = DIRECTION('',(-0.,0.,-1.));
#1961 = DIRECTION('',(-0.,-1.,0.));
#1962 = PLANE('',#1963);
#1963 = AXIS2_PLACEMENT_3D('',#1964,#1965,#1966);
#1964 = CARTESIAN_POINT('',(0.,0.,1.51));
#1965 = DIRECTION('',(0.,0.,1.));
#1966 = DIRECTION('',(1.,0.,-0.));
#1967 = ADVANCED_FACE('',(#1968),#1979,.T.);
#1968 = FACE_BOUND('',#1969,.T.);
#1969 = EDGE_LOOP('',(#1970,#1976,#1977,#1978));
#1970 = ORIENTED_EDGE('',*,*,#1971,.T.);
#1971 = EDGE_CURVE('',#144,#1059,#1972,.T.);
#1972 = LINE('',#1973,#1974);
#1973 = CARTESIAN_POINT('',(172.1,-60.2,0.));
#1974 = VECTOR('',#1975,1.);
#1975 = DIRECTION('',(0.,0.,1.));
#1976 = ORIENTED_EDGE('',*,*,#1058,.T.);
#1977 = ORIENTED_EDGE('',*,*,#79,.F.);
#1978 = ORIENTED_EDGE('',*,*,#143,.F.);
#1979 = PLANE('',#1980);
#1980 = AXIS2_PLACEMENT_3D('',#1981,#1982,#1983);
#1981 = CARTESIAN_POINT('',(172.1,-60.2,0.));
#1982 = DIRECTION('',(0.,1.,0.));
#1983 = DIRECTION('',(1.,0.,0.));
#1984 = ADVANCED_FACE('',(#1985),#1996,.T.);
#1985 = FACE_BOUND('',#1986,.T.);
#1986 = EDGE_LOOP('',(#1987,#1988,#1989,#1995));
#1987 = ORIENTED_EDGE('',*,*,#119,.T.);
#1988 = ORIENTED_EDGE('',*,*,#1218,.T.);
#1989 = ORIENTED_EDGE('',*,*,#1990,.F.);
#1990 = EDGE_CURVE('',#296,#1211,#1991,.T.);
#1991 = LINE('',#1992,#1993);
#1992 = CARTESIAN_POINT('',(208.8,-60.2,0.));
#1993 = VECTOR('',#1994,1.);
#1994 = DIRECTION('',(0.,0.,1.));
#1995 = ORIENTED_EDGE('',*,*,#303,.F.);
#1996 = PLANE('',#1997);
#1997 = AXIS2_PLACEMENT_3D('',#1998,#1999,#2000);
#1998 = CARTESIAN_POINT('',(187.6,-60.2,0.));
#1999 = DIRECTION('',(0.,1.,0.));
#2000 = DIRECTION('',(1.,0.,0.));
#2001 = ADVANCED_FACE('',(#2002),#2013,.T.);
#2002 = FACE_BOUND('',#2003,.T.);
#2003 = EDGE_LOOP('',(#2004,#2010,#2011,#2012));
#2004 = ORIENTED_EDGE('',*,*,#2005,.T.);
#2005 = EDGE_CURVE('',#152,#1067,#2006,.T.);
#2006 = LINE('',#2007,#2008);
#2007 = CARTESIAN_POINT('',(170.2,-61.9,0.));
#2008 = VECTOR('',#2009,1.);
#2009 = DIRECTION('',(0.,0.,1.));
#2010 = ORIENTED_EDGE('',*,*,#1066,.T.);
#2011 = ORIENTED_EDGE('',*,*,#1971,.F.);
#2012 = ORIENTED_EDGE('',*,*,#151,.F.);
#2013 = PLANE('',#2014);
#2014 = AXIS2_PLACEMENT_3D('',#2015,#2016,#2017);
#2015 = CARTESIAN_POINT('',(170.2,-61.9,0.));
#2016 = DIRECTION('',(-0.66679485947,0.745241313525,0.));
#2017 = DIRECTION('',(0.745241313525,0.66679485947,0.));
#2018 = ADVANCED_FACE('',(#2019),#2030,.T.);
#2019 = FACE_BOUND('',#2020,.T.);
#2020 = EDGE_LOOP('',(#2021,#2022,#2023,#2029));
#2021 = ORIENTED_EDGE('',*,*,#1990,.T.);
#2022 = ORIENTED_EDGE('',*,*,#1210,.T.);
#2023 = ORIENTED_EDGE('',*,*,#2024,.F.);
#2024 = EDGE_CURVE('',#288,#1203,#2025,.T.);
#2025 = LINE('',#2026,#2027);
#2026 = CARTESIAN_POINT('',(208.8,-61.6,0.));
#2027 = VECTOR('',#2028,1.);
#2028 = DIRECTION('',(0.,0.,1.));
#2029 = ORIENTED_EDGE('',*,*,#295,.F.);
#2030 = PLANE('',#2031);
#2031 = AXIS2_PLACEMENT_3D('',#2032,#2033,#2034);
#2032 = CARTESIAN_POINT('',(208.8,-60.2,0.));
#2033 = DIRECTION('',(1.,0.,-0.));
#2034 = DIRECTION('',(0.,-1.,0.));
#2035 = ADVANCED_FACE('',(#2036),#2047,.T.);
#2036 = FACE_BOUND('',#2037,.T.);
#2037 = EDGE_LOOP('',(#2038,#2044,#2045,#2046));
#2038 = ORIENTED_EDGE('',*,*,#2039,.T.);
#2039 = EDGE_CURVE('',#160,#1075,#2040,.T.);
#2040 = LINE('',#2041,#2042);
#2041 = CARTESIAN_POINT('',(170.25,-95.8,0.));
#2042 = VECTOR('',#2043,1.);
#2043 = DIRECTION('',(0.,0.,1.));
#2044 = ORIENTED_EDGE('',*,*,#1074,.T.);
#2045 = ORIENTED_EDGE('',*,*,#2005,.F.);
#2046 = ORIENTED_EDGE('',*,*,#159,.F.);
#2047 = PLANE('',#2048);
#2048 = AXIS2_PLACEMENT_3D('',#2049,#2050,#2051);
#2049 = CARTESIAN_POINT('',(170.25,-95.8,0.));
#2050 = DIRECTION('',(-0.999998912298,-1.474924649407E-03,0.));
#2051 = DIRECTION('',(-1.474924649407E-03,0.999998912298,0.));
#2052 = ADVANCED_FACE('',(#2053),#2064,.T.);
#2053 = FACE_BOUND('',#2054,.T.);
#2054 = EDGE_LOOP('',(#2055,#2056,#2057,#2063));
#2055 = ORIENTED_EDGE('',*,*,#2024,.T.);
#2056 = ORIENTED_EDGE('',*,*,#1202,.T.);
#2057 = ORIENTED_EDGE('',*,*,#2058,.F.);
#2058 = EDGE_CURVE('',#280,#1195,#2059,.T.);
#2059 = LINE('',#2060,#2061);
#2060 = CARTESIAN_POINT('',(212.7,-61.6,0.));
#2061 = VECTOR('',#2062,1.);
#2062 = DIRECTION('',(0.,0.,1.));
#2063 = ORIENTED_EDGE('',*,*,#287,.F.);
#2064 = PLANE('',#2065);
#2065 = AXIS2_PLACEMENT_3D('',#2066,#2067,#2068);
#2066 = CARTESIAN_POINT('',(208.8,-61.6,0.));
#2067 = DIRECTION('',(0.,1.,0.));
#2068 = DIRECTION('',(1.,0.,0.));
#2069 = ADVANCED_FACE('',(#2070),#2081,.T.);
#2070 = FACE_BOUND('',#2071,.T.);
#2071 = EDGE_LOOP('',(#2072,#2078,#2079,#2080));
#2072 = ORIENTED_EDGE('',*,*,#2073,.T.);
#2073 = EDGE_CURVE('',#168,#1083,#2074,.T.);
#2074 = LINE('',#2075,#2076);
#2075 = CARTESIAN_POINT('',(174.5,-95.8,0.));
#2076 = VECTOR('',#2077,1.);
#2077 = DIRECTION('',(0.,0.,1.));
#2078 = ORIENTED_EDGE('',*,*,#1082,.T.);
#2079 = ORIENTED_EDGE('',*,*,#2039,.F.);
#2080 = ORIENTED_EDGE('',*,*,#167,.F.);
#2081 = PLANE('',#2082);
#2082 = AXIS2_PLACEMENT_3D('',#2083,#2084,#2085);
#2083 = CARTESIAN_POINT('',(174.5,-95.8,0.));
#2084 = DIRECTION('',(0.,-1.,0.));
#2085 = DIRECTION('',(-1.,0.,0.));
#2086 = ADVANCED_FACE('',(#2087),#2098,.T.);
#2087 = FACE_BOUND('',#2088,.T.);
#2088 = EDGE_LOOP('',(#2089,#2090,#2091,#2097));
#2089 = ORIENTED_EDGE('',*,*,#2058,.T.);
#2090 = ORIENTED_EDGE('',*,*,#1194,.T.);
#2091 = ORIENTED_EDGE('',*,*,#2092,.F.);
#2092 = EDGE_CURVE('',#272,#1187,#2093,.T.);
#2093 = LINE('',#2094,#2095);
#2094 = CARTESIAN_POINT('',(212.7,-60.2,0.));
#2095 = VECTOR('',#2096,1.);
#2096 = DIRECTION('',(0.,0.,1.));
#2097 = ORIENTED_EDGE('',*,*,#279,.F.);
#2098 = PLANE('',#2099);
#2099 = AXIS2_PLACEMENT_3D('',#2100,#2101,#2102);
#2100 = CARTESIAN_POINT('',(212.7,-61.6,0.));
#2101 = DIRECTION('',(-1.,0.,0.));
#2102 = DIRECTION('',(0.,1.,0.));
#2103 = ADVANCED_FACE('',(#2104),#2115,.T.);
#2104 = FACE_BOUND('',#2105,.T.);
#2105 = EDGE_LOOP('',(#2106,#2112,#2113,#2114));
#2106 = ORIENTED_EDGE('',*,*,#2107,.T.);
#2107 = EDGE_CURVE('',#176,#1091,#2108,.T.);
#2108 = LINE('',#2109,#2110);
#2109 = CARTESIAN_POINT('',(174.5,-103.8,0.));
#2110 = VECTOR('',#2111,1.);
#2111 = DIRECTION('',(0.,0.,1.));
#2112 = ORIENTED_EDGE('',*,*,#1090,.T.);
#2113 = ORIENTED_EDGE('',*,*,#2073,.F.);
#2114 = ORIENTED_EDGE('',*,*,#175,.F.);
#2115 = PLANE('',#2116);
#2116 = AXIS2_PLACEMENT_3D('',#2117,#2118,#2119);
#2117 = CARTESIAN_POINT('',(174.5,-103.8,0.));
#2118 = DIRECTION('',(-1.,0.,0.));
#2119 = DIRECTION('',(0.,1.,0.));
#2120 = ADVANCED_FACE('',(#2121),#2132,.T.);
#2121 = FACE_BOUND('',#2122,.T.);
#2122 = EDGE_LOOP('',(#2123,#2124,#2125,#2131));
#2123 = ORIENTED_EDGE('',*,*,#2092,.T.);
#2124 = ORIENTED_EDGE('',*,*,#1186,.T.);
#2125 = ORIENTED_EDGE('',*,*,#2126,.F.);
#2126 = EDGE_CURVE('',#264,#1179,#2127,.T.);
#2127 = LINE('',#2128,#2129);
#2128 = CARTESIAN_POINT('',(218.,-60.2,0.));
#2129 = VECTOR('',#2130,1.);
#2130 = DIRECTION('',(0.,0.,1.));
#2131 = ORIENTED_EDGE('',*,*,#271,.F.);
#2132 = PLANE('',#2133);
#2133 = AXIS2_PLACEMENT_3D('',#2134,#2135,#2136);
#2134 = CARTESIAN_POINT('',(212.7,-60.2,0.));
#2135 = DIRECTION('',(0.,1.,0.));
#2136 = DIRECTION('',(1.,0.,0.));
#2137 = ADVANCED_FACE('',(#2138),#2149,.T.);
#2138 = FACE_BOUND('',#2139,.T.);
#2139 = EDGE_LOOP('',(#2140,#2146,#2147,#2148));
#2140 = ORIENTED_EDGE('',*,*,#2141,.T.);
#2141 = EDGE_CURVE('',#184,#1099,#2142,.T.);
#2142 = LINE('',#2143,#2144);
#2143 = CARTESIAN_POINT('',(180.1,-103.8,0.));
#2144 = VECTOR('',#2145,1.);
#2145 = DIRECTION('',(0.,0.,1.));
#2146 = ORIENTED_EDGE('',*,*,#1098,.T.);
#2147 = ORIENTED_EDGE('',*,*,#2107,.F.);
#2148 = ORIENTED_EDGE('',*,*,#183,.F.);
#2149 = PLANE('',#2150);
#2150 = AXIS2_PLACEMENT_3D('',#2151,#2152,#2153);
#2151 = CARTESIAN_POINT('',(180.1,-103.8,0.));
#2152 = DIRECTION('',(0.,-1.,0.));
#2153 = DIRECTION('',(-1.,0.,0.));
#2154 = ADVANCED_FACE('',(#2155),#2166,.T.);
#2155 = FACE_BOUND('',#2156,.T.);
#2156 = EDGE_LOOP('',(#2157,#2158,#2159,#2165));
#2157 = ORIENTED_EDGE('',*,*,#2126,.T.);
#2158 = ORIENTED_EDGE('',*,*,#1178,.T.);
#2159 = ORIENTED_EDGE('',*,*,#2160,.F.);
#2160 = EDGE_CURVE('',#256,#1171,#2161,.T.);
#2161 = LINE('',#2162,#2163);
#2162 = CARTESIAN_POINT('',(219.8,-62.,0.));
#2163 = VECTOR('',#2164,1.);
#2164 = DIRECTION('',(0.,0.,1.));
#2165 = ORIENTED_EDGE('',*,*,#263,.F.);
#2166 = PLANE('',#2167);
#2167 = AXIS2_PLACEMENT_3D('',#2168,#2169,#2170);
#2168 = CARTESIAN_POINT('',(218.,-60.2,0.));
#2169 = DIRECTION('',(0.707106781187,0.707106781187,-0.));
#2170 = DIRECTION('',(0.707106781187,-0.707106781187,0.));
#2171 = ADVANCED_FACE('',(#2172),#2183,.T.);
#2172 = FACE_BOUND('',#2173,.T.);
#2173 = EDGE_LOOP('',(#2174,#2180,#2181,#2182));
#2174 = ORIENTED_EDGE('',*,*,#2175,.T.);
#2175 = EDGE_CURVE('',#192,#1107,#2176,.T.);
#2176 = LINE('',#2177,#2178);
#2177 = CARTESIAN_POINT('',(180.1,-102.3,0.));
#2178 = VECTOR('',#2179,1.);
#2179 = DIRECTION('',(0.,0.,1.));
#2180 = ORIENTED_EDGE('',*,*,#1106,.T.);
#2181 = ORIENTED_EDGE('',*,*,#2141,.F.);
#2182 = ORIENTED_EDGE('',*,*,#191,.F.);
#2183 = PLANE('',#2184);
#2184 = AXIS2_PLACEMENT_3D('',#2185,#2186,#2187);
#2185 = CARTESIAN_POINT('',(180.1,-102.3,0.));
#2186 = DIRECTION('',(1.,0.,-0.));
#2187 = DIRECTION('',(0.,-1.,0.));
#2188 = ADVANCED_FACE('',(#2189),#2200,.T.);
#2189 = FACE_BOUND('',#2190,.T.);
#2190 = EDGE_LOOP('',(#2191,#2192,#2193,#2199));
#2191 = ORIENTED_EDGE('',*,*,#2160,.T.);
#2192 = ORIENTED_EDGE('',*,*,#1170,.T.);
#2193 = ORIENTED_EDGE('',*,*,#2194,.F.);
#2194 = EDGE_CURVE('',#248,#1163,#2195,.T.);
#2195 = LINE('',#2196,#2197);
#2196 = CARTESIAN_POINT('',(219.8,-92.3,0.));
#2197 = VECTOR('',#2198,1.);
#2198 = DIRECTION('',(0.,0.,1.));
#2199 = ORIENTED_EDGE('',*,*,#255,.F.);
#2200 = PLANE('',#2201);
#2201 = AXIS2_PLACEMENT_3D('',#2202,#2203,#2204);
#2202 = CARTESIAN_POINT('',(219.8,-62.,0.));
#2203 = DIRECTION('',(1.,0.,-0.));
#2204 = DIRECTION('',(0.,-1.,0.));
#2205 = ADVANCED_FACE('',(#2206),#2217,.T.);
#2206 = FACE_BOUND('',#2207,.T.);
#2207 = EDGE_LOOP('',(#2208,#2214,#2215,#2216));
#2208 = ORIENTED_EDGE('',*,*,#2209,.T.);
#2209 = EDGE_CURVE('',#200,#1115,#2210,.T.);
#2210 = LINE('',#2211,#2212);
#2211 = CARTESIAN_POINT('',(184.7,-102.3,0.));
#2212 = VECTOR('',#2213,1.);
#2213 = DIRECTION('',(0.,0.,1.));
#2214 = ORIENTED_EDGE('',*,*,#1114,.T.);
#2215 = ORIENTED_EDGE('',*,*,#2175,.F.);
#2216 = ORIENTED_EDGE('',*,*,#199,.F.);
#2217 = PLANE('',#2218);
#2218 = AXIS2_PLACEMENT_3D('',#2219,#2220,#2221);
#2219 = CARTESIAN_POINT('',(184.7,-102.3,0.));
#2220 = DIRECTION('',(0.,-1.,0.));
#2221 = DIRECTION('',(-1.,0.,0.));
#2222 = ADVANCED_FACE('',(#2223),#2234,.T.);
#2223 = FACE_BOUND('',#2224,.T.);
#2224 = EDGE_LOOP('',(#2225,#2226,#2227,#2233));
#2225 = ORIENTED_EDGE('',*,*,#2194,.T.);
#2226 = ORIENTED_EDGE('',*,*,#1162,.T.);
#2227 = ORIENTED_EDGE('',*,*,#2228,.F.);
#2228 = EDGE_CURVE('',#240,#1155,#2229,.T.);
#2229 = LINE('',#2230,#2231);
#2230 = CARTESIAN_POINT('',(218.3,-92.3,0.));
#2231 = VECTOR('',#2232,1.);
#2232 = DIRECTION('',(0.,0.,1.));
#2233 = ORIENTED_EDGE('',*,*,#247,.F.);
#2234 = PLANE('',#2235);
#2235 = AXIS2_PLACEMENT_3D('',#2236,#2237,#2238);
#2236 = CARTESIAN_POINT('',(219.8,-92.3,0.));
#2237 = DIRECTION('',(0.,-1.,0.));
#2238 = DIRECTION('',(-1.,0.,0.));
#2239 = ADVANCED_FACE('',(#2240),#2251,.T.);
#2240 = FACE_BOUND('',#2241,.T.);
#2241 = EDGE_LOOP('',(#2242,#2248,#2249,#2250));
#2242 = ORIENTED_EDGE('',*,*,#2243,.T.);
#2243 = EDGE_CURVE('',#208,#1123,#2244,.T.);
#2244 = LINE('',#2245,#2246);
#2245 = CARTESIAN_POINT('',(184.7,-103.8,0.));
#2246 = VECTOR('',#2247,1.);
#2247 = DIRECTION('',(0.,0.,1.));
#2248 = ORIENTED_EDGE('',*,*,#1122,.T.);
#2249 = ORIENTED_EDGE('',*,*,#2209,.F.);
#2250 = ORIENTED_EDGE('',*,*,#207,.F.);
#2251 = PLANE('',#2252);
#2252 = AXIS2_PLACEMENT_3D('',#2253,#2254,#2255);
#2253 = CARTESIAN_POINT('',(184.7,-103.8,0.));
#2254 = DIRECTION('',(-1.,0.,0.));
#2255 = DIRECTION('',(0.,1.,0.));
#2256 = ADVANCED_FACE('',(#2257),#2268,.T.);
#2257 = FACE_BOUND('',#2258,.T.);
#2258 = EDGE_LOOP('',(#2259,#2260,#2261,#2267));
#2259 = ORIENTED_EDGE('',*,*,#2228,.T.);
#2260 = ORIENTED_EDGE('',*,*,#1154,.T.);
#2261 = ORIENTED_EDGE('',*,*,#2262,.F.);
#2262 = EDGE_CURVE('',#232,#1147,#2263,.T.);
#2263 = LINE('',#2264,#2265);
#2264 = CARTESIAN_POINT('',(218.3,-95.3,0.));
#2265 = VECTOR('',#2266,1.);
#2266 = DIRECTION('',(0.,0.,1.));
#2267 = ORIENTED_EDGE('',*,*,#239,.F.);
#2268 = PLANE('',#2269);
#2269 = AXIS2_PLACEMENT_3D('',#2270,#2271,#2272);
#2270 = CARTESIAN_POINT('',(218.3,-92.3,0.));
#2271 = DIRECTION('',(1.,0.,-0.));
#2272 = DIRECTION('',(0.,-1.,0.));
#2273 = ADVANCED_FACE('',(#2274),#2285,.T.);
#2274 = FACE_BOUND('',#2275,.T.);
#2275 = EDGE_LOOP('',(#2276,#2282,#2283,#2284));
#2276 = ORIENTED_EDGE('',*,*,#2277,.T.);
#2277 = EDGE_CURVE('',#216,#1131,#2278,.T.);
#2278 = LINE('',#2279,#2280);
#2279 = CARTESIAN_POINT('',(215.8,-103.7,0.));
#2280 = VECTOR('',#2281,1.);
#2281 = DIRECTION('',(0.,0.,1.));
#2282 = ORIENTED_EDGE('',*,*,#1130,.T.);
#2283 = ORIENTED_EDGE('',*,*,#2243,.F.);
#2284 = ORIENTED_EDGE('',*,*,#215,.F.);
#2285 = PLANE('',#2286);
#2286 = AXIS2_PLACEMENT_3D('',#2287,#2288,#2289);
#2287 = CARTESIAN_POINT('',(215.8,-103.7,0.));
#2288 = DIRECTION('',(3.215417461517E-03,-0.999994830532,0.));
#2289 = DIRECTION('',(-0.999994830532,-3.215417461517E-03,0.));
#2290 = ADVANCED_FACE('',(#2291),#2302,.T.);
#2291 = FACE_BOUND('',#2292,.T.);
#2292 = EDGE_LOOP('',(#2293,#2294,#2295,#2301));
#2293 = ORIENTED_EDGE('',*,*,#2262,.T.);
#2294 = ORIENTED_EDGE('',*,*,#1146,.T.);
#2295 = ORIENTED_EDGE('',*,*,#2296,.F.);
#2296 = EDGE_CURVE('',#224,#1139,#2297,.T.);
#2297 = LINE('',#2298,#2299);
#2298 = CARTESIAN_POINT('',(215.8,-95.3,0.));
#2299 = VECTOR('',#2300,1.);
#2300 = DIRECTION('',(0.,0.,1.));
#2301 = ORIENTED_EDGE('',*,*,#231,.F.);
#2302 = PLANE('',#2303);
#2303 = AXIS2_PLACEMENT_3D('',#2304,#2305,#2306);
#2304 = CARTESIAN_POINT('',(218.3,-95.3,0.));
#2305 = DIRECTION('',(0.,-1.,0.));
#2306 = DIRECTION('',(-1.,0.,0.));
#2307 = ADVANCED_FACE('',(#2308),#2314,.T.);
#2308 = FACE_BOUND('',#2309,.T.);
#2309 = EDGE_LOOP('',(#2310,#2311,#2312,#2313));
#2310 = ORIENTED_EDGE('',*,*,#2296,.T.);
#2311 = ORIENTED_EDGE('',*,*,#1138,.T.);
#2312 = ORIENTED_EDGE('',*,*,#2277,.F.);
#2313 = ORIENTED_EDGE('',*,*,#223,.F.);
#2314 = PLANE('',#2315);
#2315 = AXIS2_PLACEMENT_3D('',#2316,#2317,#2318);
#2316 = CARTESIAN_POINT('',(215.8,-95.3,0.));
#2317 = DIRECTION('',(1.,0.,-0.));
#2318 = DIRECTION('',(0.,-1.,0.));
#2319 = ADVANCED_FACE('',(#2320),#2331,.F.);
#2320 = FACE_BOUND('',#2321,.T.);
#2321 = EDGE_LOOP('',(#2322,#2323,#2329,#2330));
#2322 = ORIENTED_EDGE('',*,*,#312,.T.);
#2323 = ORIENTED_EDGE('',*,*,#2324,.T.);
#2324 = EDGE_CURVE('',#313,#1228,#2325,.T.);
#2325 = LINE('',#2326,#2327);
#2326 = CARTESIAN_POINT('',(178.,-100.75,-4.6E-02));
#2327 = VECTOR('',#2328,1.);
#2328 = DIRECTION('',(0.,0.,1.));
#2329 = ORIENTED_EDGE('',*,*,#1227,.F.);
#2330 = ORIENTED_EDGE('',*,*,#2324,.F.);
#2331 = CYLINDRICAL_SURFACE('',#2332,0.75);
#2332 = AXIS2_PLACEMENT_3D('',#2333,#2334,#2335);
#2333 = CARTESIAN_POINT('',(178.,-100.,-4.6E-02));
#2334 = DIRECTION('',(-0.,-0.,-1.));
#2335 = DIRECTION('',(-0.,-1.,0.));
#2336 = ADVANCED_FACE('',(#2337),#2348,.F.);
#2337 = FACE_BOUND('',#2338,.T.);
#2338 = EDGE_LOOP('',(#2339,#2340,#2346,#2347));
#2339 = ORIENTED_EDGE('',*,*,#323,.T.);
#2340 = ORIENTED_EDGE('',*,*,#2341,.T.);
#2341 = EDGE_CURVE('',#324,#1239,#2342,.T.);
#2342 = LINE('',#2343,#2344);
#2343 = CARTESIAN_POINT('',(187.62,-102.3,-4.6E-02));
#2344 = VECTOR('',#2345,1.);
#2345 = DIRECTION('',(0.,0.,1.));
#2346 = ORIENTED_EDGE('',*,*,#1238,.F.);
#2347 = ORIENTED_EDGE('',*,*,#2341,.F.);
#2348 = CYLINDRICAL_SURFACE('',#2349,0.5);
#2349 = AXIS2_PLACEMENT_3D('',#2350,#2351,#2352);
#2350 = CARTESIAN_POINT('',(187.62,-101.8,-4.6E-02));
#2351 = DIRECTION('',(-0.,-0.,-1.));
#2352 = DIRECTION('',(-0.,-1.,0.));
#2353 = ADVANCED_FACE('',(#2354),#2365,.F.);
#2354 = FACE_BOUND('',#2355,.T.);
#2355 = EDGE_LOOP('',(#2356,#2357,#2363,#2364));
#2356 = ORIENTED_EDGE('',*,*,#334,.T.);
#2357 = ORIENTED_EDGE('',*,*,#2358,.T.);
#2358 = EDGE_CURVE('',#335,#1250,#2359,.T.);
#2359 = LINE('',#2360,#2361);
#2360 = CARTESIAN_POINT('',(190.16,-102.3,-4.6E-02));
#2361 = VECTOR('',#2362,1.);
#2362 = DIRECTION('',(0.,0.,1.));
#2363 = ORIENTED_EDGE('',*,*,#1249,.F.);
#2364 = ORIENTED_EDGE('',*,*,#2358,.F.);
#2365 = CYLINDRICAL_SURFACE('',#2366,0.5);
#2366 = AXIS2_PLACEMENT_3D('',#2367,#2368,#2369);
#2367 = CARTESIAN_POINT('',(190.16,-101.8,-4.6E-02));
#2368 = DIRECTION('',(-0.,-0.,-1.));
#2369 = DIRECTION('',(-0.,-1.,0.));
#2370 = ADVANCED_FACE('',(#2371),#2382,.F.);
#2371 = FACE_BOUND('',#2372,.T.);
#2372 = EDGE_LOOP('',(#2373,#2374,#2380,#2381));
#2373 = ORIENTED_EDGE('',*,*,#345,.T.);
#2374 = ORIENTED_EDGE('',*,*,#2375,.T.);
#2375 = EDGE_CURVE('',#346,#1261,#2376,.T.);
#2376 = LINE('',#2377,#2378);
#2377 = CARTESIAN_POINT('',(192.7,-102.3,-4.6E-02));
#2378 = VECTOR('',#2379,1.);
#2379 = DIRECTION('',(0.,0.,1.));
#2380 = ORIENTED_EDGE('',*,*,#1260,.F.);
#2381 = ORIENTED_EDGE('',*,*,#2375,.F.);
#2382 = CYLINDRICAL_SURFACE('',#2383,0.5);
#2383 = AXIS2_PLACEMENT_3D('',#2384,#2385,#2386);
#2384 = CARTESIAN_POINT('',(192.7,-101.8,-4.6E-02));
#2385 = DIRECTION('',(-0.,-0.,-1.));
#2386 = DIRECTION('',(-0.,-1.,0.));
#2387 = ADVANCED_FACE('',(#2388),#2399,.F.);
#2388 = FACE_BOUND('',#2389,.T.);
#2389 = EDGE_LOOP('',(#2390,#2391,#2397,#2398));
#2390 = ORIENTED_EDGE('',*,*,#356,.T.);
#2391 = ORIENTED_EDGE('',*,*,#2392,.T.);
#2392 = EDGE_CURVE('',#357,#1272,#2393,.T.);
#2393 = LINE('',#2394,#2395);
#2394 = CARTESIAN_POINT('',(190.18,-98.7,-4.6E-02));
#2395 = VECTOR('',#2396,1.);
#2396 = DIRECTION('',(0.,0.,1.));
#2397 = ORIENTED_EDGE('',*,*,#1271,.F.);
#2398 = ORIENTED_EDGE('',*,*,#2392,.F.);
#2399 = CYLINDRICAL_SURFACE('',#2400,0.5);
#2400 = AXIS2_PLACEMENT_3D('',#2401,#2402,#2403);
#2401 = CARTESIAN_POINT('',(190.18,-98.2,-4.6E-02));
#2402 = DIRECTION('',(-0.,-0.,-1.));
#2403 = DIRECTION('',(-0.,-1.,0.));
#2404 = ADVANCED_FACE('',(#2405),#2416,.F.);
#2405 = FACE_BOUND('',#2406,.T.);
#2406 = EDGE_LOOP('',(#2407,#2408,#2414,#2415));
#2407 = ORIENTED_EDGE('',*,*,#367,.T.);
#2408 = ORIENTED_EDGE('',*,*,#2409,.T.);
#2409 = EDGE_CURVE('',#368,#1283,#2410,.T.);
#2410 = LINE('',#2411,#2412);
#2411 = CARTESIAN_POINT('',(192.72,-98.7,-4.6E-02));
#2412 = VECTOR('',#2413,1.);
#2413 = DIRECTION('',(0.,0.,1.));
#2414 = ORIENTED_EDGE('',*,*,#1282,.F.);
#2415 = ORIENTED_EDGE('',*,*,#2409,.F.);
#2416 = CYLINDRICAL_SURFACE('',#2417,0.5);
#2417 = AXIS2_PLACEMENT_3D('',#2418,#2419,#2420);
#2418 = CARTESIAN_POINT('',(192.72,-98.2,-4.6E-02));
#2419 = DIRECTION('',(-0.,-0.,-1.));
#2420 = DIRECTION('',(-0.,-1.,0.));
#2421 = ADVANCED_FACE('',(#2422),#2433,.F.);
#2422 = FACE_BOUND('',#2423,.T.);
#2423 = EDGE_LOOP('',(#2424,#2425,#2431,#2432));
#2424 = ORIENTED_EDGE('',*,*,#378,.T.);
#2425 = ORIENTED_EDGE('',*,*,#2426,.T.);
#2426 = EDGE_CURVE('',#379,#1294,#2427,.T.);
#2427 = LINE('',#2428,#2429);
#2428 = CARTESIAN_POINT('',(193.8,-93.14,-4.6E-02));
#2429 = VECTOR('',#2430,1.);
#2430 = DIRECTION('',(0.,0.,1.));
#2431 = ORIENTED_EDGE('',*,*,#1293,.F.);
#2432 = ORIENTED_EDGE('',*,*,#2426,.F.);
#2433 = CYLINDRICAL_SURFACE('',#2434,0.5);
#2434 = AXIS2_PLACEMENT_3D('',#2435,#2436,#2437);
#2435 = CARTESIAN_POINT('',(193.8,-92.64,-4.6E-02));
#2436 = DIRECTION('',(-0.,-0.,-1.));
#2437 = DIRECTION('',(-0.,-1.,0.));
#2438 = ADVANCED_FACE('',(#2439),#2450,.F.);
#2439 = FACE_BOUND('',#2440,.T.);
#2440 = EDGE_LOOP('',(#2441,#2442,#2448,#2449));
#2441 = ORIENTED_EDGE('',*,*,#389,.T.);
#2442 = ORIENTED_EDGE('',*,*,#2443,.T.);
#2443 = EDGE_CURVE('',#390,#1305,#2444,.T.);
#2444 = LINE('',#2445,#2446);
#2445 = CARTESIAN_POINT('',(176.,-89.05,-4.6E-02));
#2446 = VECTOR('',#2447,1.);
#2447 = DIRECTION('',(0.,0.,1.));
#2448 = ORIENTED_EDGE('',*,*,#1304,.F.);
#2449 = ORIENTED_EDGE('',*,*,#2443,.F.);
#2450 = CYLINDRICAL_SURFACE('',#2451,0.15);
#2451 = AXIS2_PLACEMENT_3D('',#2452,#2453,#2454);
#2452 = CARTESIAN_POINT('',(176.,-88.9,-4.6E-02));
#2453 = DIRECTION('',(-0.,-0.,-1.));
#2454 = DIRECTION('',(-0.,-1.,0.));
#2455 = ADVANCED_FACE('',(#2456),#2467,.F.);
#2456 = FACE_BOUND('',#2457,.T.);
#2457 = EDGE_LOOP('',(#2458,#2459,#2465,#2466));
#2458 = ORIENTED_EDGE('',*,*,#400,.T.);
#2459 = ORIENTED_EDGE('',*,*,#2460,.T.);
#2460 = EDGE_CURVE('',#401,#1316,#2461,.T.);
#2461 = LINE('',#2462,#2463);
#2462 = CARTESIAN_POINT('',(176.9,-89.05,-4.6E-02));
#2463 = VECTOR('',#2464,1.);
#2464 = DIRECTION('',(0.,0.,1.));
#2465 = ORIENTED_EDGE('',*,*,#1315,.F.);
#2466 = ORIENTED_EDGE('',*,*,#2460,.F.);
#2467 = CYLINDRICAL_SURFACE('',#2468,0.15);
#2468 = AXIS2_PLACEMENT_3D('',#2469,#2470,#2471);
#2469 = CARTESIAN_POINT('',(176.9,-88.9,-4.6E-02));
#2470 = DIRECTION('',(-0.,-0.,-1.));
#2471 = DIRECTION('',(-0.,-1.,0.));
#2472 = ADVANCED_FACE('',(#2473),#2484,.F.);
#2473 = FACE_BOUND('',#2474,.T.);
#2474 = EDGE_LOOP('',(#2475,#2476,#2482,#2483));
#2475 = ORIENTED_EDGE('',*,*,#411,.T.);
#2476 = ORIENTED_EDGE('',*,*,#2477,.T.);
#2477 = EDGE_CURVE('',#412,#1327,#2478,.T.);
#2478 = LINE('',#2479,#2480);
#2479 = CARTESIAN_POINT('',(177.9,-89.05,-4.6E-02));
#2480 = VECTOR('',#2481,1.);
#2481 = DIRECTION('',(0.,0.,1.));
#2482 = ORIENTED_EDGE('',*,*,#1326,.F.);
#2483 = ORIENTED_EDGE('',*,*,#2477,.F.);
#2484 = CYLINDRICAL_SURFACE('',#2485,0.15);
#2485 = AXIS2_PLACEMENT_3D('',#2486,#2487,#2488);
#2486 = CARTESIAN_POINT('',(177.9,-88.9,-4.6E-02));
#2487 = DIRECTION('',(-0.,-0.,-1.));
#2488 = DIRECTION('',(-0.,-1.,0.));
#2489 = ADVANCED_FACE('',(#2490),#2501,.F.);
#2490 = FACE_BOUND('',#2491,.T.);
#2491 = EDGE_LOOP('',(#2492,#2493,#2499,#2500));
#2492 = ORIENTED_EDGE('',*,*,#422,.T.);
#2493 = ORIENTED_EDGE('',*,*,#2494,.T.);
#2494 = EDGE_CURVE('',#423,#1338,#2495,.T.);
#2495 = LINE('',#2496,#2497);
#2496 = CARTESIAN_POINT('',(176.,-88.05,-4.6E-02));
#2497 = VECTOR('',#2498,1.);
#2498 = DIRECTION('',(0.,0.,1.));
#2499 = ORIENTED_EDGE('',*,*,#1337,.F.);
#2500 = ORIENTED_EDGE('',*,*,#2494,.F.);
#2501 = CYLINDRICAL_SURFACE('',#2502,0.15);
#2502 = AXIS2_PLACEMENT_3D('',#2503,#2504,#2505);
#2503 = CARTESIAN_POINT('',(176.,-87.9,-4.6E-02));
#2504 = DIRECTION('',(-0.,-0.,-1.));
#2505 = DIRECTION('',(-0.,-1.,0.));
#2506 = ADVANCED_FACE('',(#2507),#2518,.F.);
#2507 = FACE_BOUND('',#2508,.T.);
#2508 = EDGE_LOOP('',(#2509,#2510,#2516,#2517));
#2509 = ORIENTED_EDGE('',*,*,#433,.T.);
#2510 = ORIENTED_EDGE('',*,*,#2511,.T.);
#2511 = EDGE_CURVE('',#434,#1349,#2512,.T.);
#2512 = LINE('',#2513,#2514);
#2513 = CARTESIAN_POINT('',(176.9,-88.05,-4.6E-02));
#2514 = VECTOR('',#2515,1.);
#2515 = DIRECTION('',(0.,0.,1.));
#2516 = ORIENTED_EDGE('',*,*,#1348,.F.);
#2517 = ORIENTED_EDGE('',*,*,#2511,.F.);
#2518 = CYLINDRICAL_SURFACE('',#2519,0.15);
#2519 = AXIS2_PLACEMENT_3D('',#2520,#2521,#2522);
#2520 = CARTESIAN_POINT('',(176.9,-87.9,-4.6E-02));
#2521 = DIRECTION('',(-0.,-0.,-1.));
#2522 = DIRECTION('',(-0.,-1.,0.));
#2523 = ADVANCED_FACE('',(#2524),#2535,.F.);
#2524 = FACE_BOUND('',#2525,.T.);
#2525 = EDGE_LOOP('',(#2526,#2527,#2533,#2534));
#2526 = ORIENTED_EDGE('',*,*,#444,.T.);
#2527 = ORIENTED_EDGE('',*,*,#2528,.T.);
#2528 = EDGE_CURVE('',#445,#1360,#2529,.T.);
#2529 = LINE('',#2530,#2531);
#2530 = CARTESIAN_POINT('',(177.9,-88.05,-4.6E-02));
#2531 = VECTOR('',#2532,1.);
#2532 = DIRECTION('',(0.,0.,1.));
#2533 = ORIENTED_EDGE('',*,*,#1359,.F.);
#2534 = ORIENTED_EDGE('',*,*,#2528,.F.);
#2535 = CYLINDRICAL_SURFACE('',#2536,0.15);
#2536 = AXIS2_PLACEMENT_3D('',#2537,#2538,#2539);
#2537 = CARTESIAN_POINT('',(177.9,-87.9,-4.6E-02));
#2538 = DIRECTION('',(-0.,-0.,-1.));
#2539 = DIRECTION('',(-0.,-1.,0.));
#2540 = ADVANCED_FACE('',(#2541),#2552,.F.);
#2541 = FACE_BOUND('',#2542,.T.);
#2542 = EDGE_LOOP('',(#2543,#2544,#2550,#2551));
#2543 = ORIENTED_EDGE('',*,*,#455,.T.);
#2544 = ORIENTED_EDGE('',*,*,#2545,.T.);
#2545 = EDGE_CURVE('',#456,#1371,#2546,.T.);
#2546 = LINE('',#2547,#2548);
#2547 = CARTESIAN_POINT('',(178.8,-89.05,-4.6E-02));
#2548 = VECTOR('',#2549,1.);
#2549 = DIRECTION('',(0.,0.,1.));
#2550 = ORIENTED_EDGE('',*,*,#1370,.F.);
#2551 = ORIENTED_EDGE('',*,*,#2545,.F.);
#2552 = CYLINDRICAL_SURFACE('',#2553,0.15);
#2553 = AXIS2_PLACEMENT_3D('',#2554,#2555,#2556);
#2554 = CARTESIAN_POINT('',(178.8,-88.9,-4.6E-02));
#2555 = DIRECTION('',(-0.,-0.,-1.));
#2556 = DIRECTION('',(-0.,-1.,0.));
#2557 = ADVANCED_FACE('',(#2558),#2569,.F.);
#2558 = FACE_BOUND('',#2559,.T.);
#2559 = EDGE_LOOP('',(#2560,#2561,#2567,#2568));
#2560 = ORIENTED_EDGE('',*,*,#466,.T.);
#2561 = ORIENTED_EDGE('',*,*,#2562,.T.);
#2562 = EDGE_CURVE('',#467,#1382,#2563,.T.);
#2563 = LINE('',#2564,#2565);
#2564 = CARTESIAN_POINT('',(178.8,-88.05,-4.6E-02));
#2565 = VECTOR('',#2566,1.);
#2566 = DIRECTION('',(0.,0.,1.));
#2567 = ORIENTED_EDGE('',*,*,#1381,.F.);
#2568 = ORIENTED_EDGE('',*,*,#2562,.F.);
#2569 = CYLINDRICAL_SURFACE('',#2570,0.15);
#2570 = AXIS2_PLACEMENT_3D('',#2571,#2572,#2573);
#2571 = CARTESIAN_POINT('',(178.8,-87.9,-4.6E-02));
#2572 = DIRECTION('',(-0.,-0.,-1.));
#2573 = DIRECTION('',(-0.,-1.,0.));
#2574 = ADVANCED_FACE('',(#2575),#2586,.F.);
#2575 = FACE_BOUND('',#2576,.T.);
#2576 = EDGE_LOOP('',(#2577,#2578,#2584,#2585));
#2577 = ORIENTED_EDGE('',*,*,#477,.T.);
#2578 = ORIENTED_EDGE('',*,*,#2579,.T.);
#2579 = EDGE_CURVE('',#478,#1393,#2580,.T.);
#2580 = LINE('',#2581,#2582);
#2581 = CARTESIAN_POINT('',(176.,-87.05,-4.6E-02));
#2582 = VECTOR('',#2583,1.);
#2583 = DIRECTION('',(0.,0.,1.));
#2584 = ORIENTED_EDGE('',*,*,#1392,.F.);
#2585 = ORIENTED_EDGE('',*,*,#2579,.F.);
#2586 = CYLINDRICAL_SURFACE('',#2587,0.15);
#2587 = AXIS2_PLACEMENT_3D('',#2588,#2589,#2590);
#2588 = CARTESIAN_POINT('',(176.,-86.9,-4.6E-02));
#2589 = DIRECTION('',(-0.,-0.,-1.));
#2590 = DIRECTION('',(-0.,-1.,0.));
#2591 = ADVANCED_FACE('',(#2592),#2603,.F.);
#2592 = FACE_BOUND('',#2593,.T.);
#2593 = EDGE_LOOP('',(#2594,#2595,#2601,#2602));
#2594 = ORIENTED_EDGE('',*,*,#488,.T.);
#2595 = ORIENTED_EDGE('',*,*,#2596,.T.);
#2596 = EDGE_CURVE('',#489,#1404,#2597,.T.);
#2597 = LINE('',#2598,#2599);
#2598 = CARTESIAN_POINT('',(176.9,-87.05,-4.6E-02));
#2599 = VECTOR('',#2600,1.);
#2600 = DIRECTION('',(0.,0.,1.));
#2601 = ORIENTED_EDGE('',*,*,#1403,.F.);
#2602 = ORIENTED_EDGE('',*,*,#2596,.F.);
#2603 = CYLINDRICAL_SURFACE('',#2604,0.15);
#2604 = AXIS2_PLACEMENT_3D('',#2605,#2606,#2607);
#2605 = CARTESIAN_POINT('',(176.9,-86.9,-4.6E-02));
#2606 = DIRECTION('',(-0.,-0.,-1.));
#2607 = DIRECTION('',(-0.,-1.,0.));
#2608 = ADVANCED_FACE('',(#2609),#2620,.F.);
#2609 = FACE_BOUND('',#2610,.T.);
#2610 = EDGE_LOOP('',(#2611,#2612,#2618,#2619));
#2611 = ORIENTED_EDGE('',*,*,#499,.T.);
#2612 = ORIENTED_EDGE('',*,*,#2613,.T.);
#2613 = EDGE_CURVE('',#500,#1415,#2614,.T.);
#2614 = LINE('',#2615,#2616);
#2615 = CARTESIAN_POINT('',(176.,-86.15,-4.6E-02));
#2616 = VECTOR('',#2617,1.);
#2617 = DIRECTION('',(0.,0.,1.));
#2618 = ORIENTED_EDGE('',*,*,#1414,.F.);
#2619 = ORIENTED_EDGE('',*,*,#2613,.F.);
#2620 = CYLINDRICAL_SURFACE('',#2621,0.15);
#2621 = AXIS2_PLACEMENT_3D('',#2622,#2623,#2624);
#2622 = CARTESIAN_POINT('',(176.,-86.,-4.6E-02));
#2623 = DIRECTION('',(-0.,-0.,-1.));
#2624 = DIRECTION('',(-0.,-1.,0.));
#2625 = ADVANCED_FACE('',(#2626),#2637,.F.);
#2626 = FACE_BOUND('',#2627,.T.);
#2627 = EDGE_LOOP('',(#2628,#2629,#2635,#2636));
#2628 = ORIENTED_EDGE('',*,*,#510,.T.);
#2629 = ORIENTED_EDGE('',*,*,#2630,.T.);
#2630 = EDGE_CURVE('',#511,#1426,#2631,.T.);
#2631 = LINE('',#2632,#2633);
#2632 = CARTESIAN_POINT('',(176.9,-86.15,-4.6E-02));
#2633 = VECTOR('',#2634,1.);
#2634 = DIRECTION('',(0.,0.,1.));
#2635 = ORIENTED_EDGE('',*,*,#1425,.F.);
#2636 = ORIENTED_EDGE('',*,*,#2630,.F.);
#2637 = CYLINDRICAL_SURFACE('',#2638,0.15);
#2638 = AXIS2_PLACEMENT_3D('',#2639,#2640,#2641);
#2639 = CARTESIAN_POINT('',(176.9,-86.,-4.6E-02));
#2640 = DIRECTION('',(-0.,-0.,-1.));
#2641 = DIRECTION('',(-0.,-1.,0.));
#2642 = ADVANCED_FACE('',(#2643),#2654,.F.);
#2643 = FACE_BOUND('',#2644,.T.);
#2644 = EDGE_LOOP('',(#2645,#2646,#2652,#2653));
#2645 = ORIENTED_EDGE('',*,*,#521,.T.);
#2646 = ORIENTED_EDGE('',*,*,#2647,.T.);
#2647 = EDGE_CURVE('',#522,#1437,#2648,.T.);
#2648 = LINE('',#2649,#2650);
#2649 = CARTESIAN_POINT('',(177.9,-87.05,-4.6E-02));
#2650 = VECTOR('',#2651,1.);
#2651 = DIRECTION('',(0.,0.,1.));
#2652 = ORIENTED_EDGE('',*,*,#1436,.F.);
#2653 = ORIENTED_EDGE('',*,*,#2647,.F.);
#2654 = CYLINDRICAL_SURFACE('',#2655,0.15);
#2655 = AXIS2_PLACEMENT_3D('',#2656,#2657,#2658);
#2656 = CARTESIAN_POINT('',(177.9,-86.9,-4.6E-02));
#2657 = DIRECTION('',(-0.,-0.,-1.));
#2658 = DIRECTION('',(-0.,-1.,0.));
#2659 = ADVANCED_FACE('',(#2660),#2671,.F.);
#2660 = FACE_BOUND('',#2661,.T.);
#2661 = EDGE_LOOP('',(#2662,#2663,#2669,#2670));
#2662 = ORIENTED_EDGE('',*,*,#532,.T.);
#2663 = ORIENTED_EDGE('',*,*,#2664,.T.);
#2664 = EDGE_CURVE('',#533,#1448,#2665,.T.);
#2665 = LINE('',#2666,#2667);
#2666 = CARTESIAN_POINT('',(177.9,-86.15,-4.6E-02));
#2667 = VECTOR('',#2668,1.);
#2668 = DIRECTION('',(0.,0.,1.));
#2669 = ORIENTED_EDGE('',*,*,#1447,.F.);
#2670 = ORIENTED_EDGE('',*,*,#2664,.F.);
#2671 = CYLINDRICAL_SURFACE('',#2672,0.15);
#2672 = AXIS2_PLACEMENT_3D('',#2673,#2674,#2675);
#2673 = CARTESIAN_POINT('',(177.9,-86.,-4.6E-02));
#2674 = DIRECTION('',(-0.,-0.,-1.));
#2675 = DIRECTION('',(-0.,-1.,0.));
#2676 = ADVANCED_FACE('',(#2677),#2688,.F.);
#2677 = FACE_BOUND('',#2678,.T.);
#2678 = EDGE_LOOP('',(#2679,#2680,#2686,#2687));
#2679 = ORIENTED_EDGE('',*,*,#543,.T.);
#2680 = ORIENTED_EDGE('',*,*,#2681,.T.);
#2681 = EDGE_CURVE('',#544,#1459,#2682,.T.);
#2682 = LINE('',#2683,#2684);
#2683 = CARTESIAN_POINT('',(178.8,-87.05,-4.6E-02));
#2684 = VECTOR('',#2685,1.);
#2685 = DIRECTION('',(0.,0.,1.));
#2686 = ORIENTED_EDGE('',*,*,#1458,.F.);
#2687 = ORIENTED_EDGE('',*,*,#2681,.F.);
#2688 = CYLINDRICAL_SURFACE('',#2689,0.15);
#2689 = AXIS2_PLACEMENT_3D('',#2690,#2691,#2692);
#2690 = CARTESIAN_POINT('',(178.8,-86.9,-4.6E-02));
#2691 = DIRECTION('',(-0.,-0.,-1.));
#2692 = DIRECTION('',(-0.,-1.,0.));
#2693 = ADVANCED_FACE('',(#2694),#2705,.F.);
#2694 = FACE_BOUND('',#2695,.T.);
#2695 = EDGE_LOOP('',(#2696,#2697,#2703,#2704));
#2696 = ORIENTED_EDGE('',*,*,#554,.T.);
#2697 = ORIENTED_EDGE('',*,*,#2698,.T.);
#2698 = EDGE_CURVE('',#555,#1470,#2699,.T.);
#2699 = LINE('',#2700,#2701);
#2700 = CARTESIAN_POINT('',(178.8,-86.15,-4.6E-02));
#2701 = VECTOR('',#2702,1.);
#2702 = DIRECTION('',(0.,0.,1.));
#2703 = ORIENTED_EDGE('',*,*,#1469,.F.);
#2704 = ORIENTED_EDGE('',*,*,#2698,.F.);
#2705 = CYLINDRICAL_SURFACE('',#2706,0.15);
#2706 = AXIS2_PLACEMENT_3D('',#2707,#2708,#2709);
#2707 = CARTESIAN_POINT('',(178.8,-86.,-4.6E-02));
#2708 = DIRECTION('',(-0.,-0.,-1.));
#2709 = DIRECTION('',(-0.,-1.,0.));
#2710 = ADVANCED_FACE('',(#2711),#2722,.F.);
#2711 = FACE_BOUND('',#2712,.T.);
#2712 = EDGE_LOOP('',(#2713,#2714,#2720,#2721));
#2713 = ORIENTED_EDGE('',*,*,#565,.T.);
#2714 = ORIENTED_EDGE('',*,*,#2715,.T.);
#2715 = EDGE_CURVE('',#566,#1481,#2716,.T.);
#2716 = LINE('',#2717,#2718);
#2717 = CARTESIAN_POINT('',(193.8,-90.6,-4.6E-02));
#2718 = VECTOR('',#2719,1.);
#2719 = DIRECTION('',(0.,0.,1.));
#2720 = ORIENTED_EDGE('',*,*,#1480,.F.);
#2721 = ORIENTED_EDGE('',*,*,#2715,.F.);
#2722 = CYLINDRICAL_SURFACE('',#2723,0.5);
#2723 = AXIS2_PLACEMENT_3D('',#2724,#2725,#2726);
#2724 = CARTESIAN_POINT('',(193.8,-90.1,-4.6E-02));
#2725 = DIRECTION('',(-0.,-0.,-1.));
#2726 = DIRECTION('',(-0.,-1.,0.));
#2727 = ADVANCED_FACE('',(#2728),#2739,.F.);
#2728 = FACE_BOUND('',#2729,.T.);
#2729 = EDGE_LOOP('',(#2730,#2731,#2737,#2738));
#2730 = ORIENTED_EDGE('',*,*,#576,.T.);
#2731 = ORIENTED_EDGE('',*,*,#2732,.T.);
#2732 = EDGE_CURVE('',#577,#1492,#2733,.T.);
#2733 = LINE('',#2734,#2735);
#2734 = CARTESIAN_POINT('',(193.8,-88.06,-4.6E-02));
#2735 = VECTOR('',#2736,1.);
#2736 = DIRECTION('',(0.,0.,1.));
#2737 = ORIENTED_EDGE('',*,*,#1491,.F.);
#2738 = ORIENTED_EDGE('',*,*,#2732,.F.);
#2739 = CYLINDRICAL_SURFACE('',#2740,0.5);
#2740 = AXIS2_PLACEMENT_3D('',#2741,#2742,#2743);
#2741 = CARTESIAN_POINT('',(193.8,-87.56,-4.6E-02));
#2742 = DIRECTION('',(-0.,-0.,-1.));
#2743 = DIRECTION('',(-0.,-1.,0.));
#2744 = ADVANCED_FACE('',(#2745),#2756,.F.);
#2745 = FACE_BOUND('',#2746,.T.);
#2746 = EDGE_LOOP('',(#2747,#2748,#2754,#2755));
#2747 = ORIENTED_EDGE('',*,*,#587,.T.);
#2748 = ORIENTED_EDGE('',*,*,#2749,.T.);
#2749 = EDGE_CURVE('',#588,#1503,#2750,.T.);
#2750 = LINE('',#2751,#2752);
#2751 = CARTESIAN_POINT('',(195.24,-102.3,-4.6E-02));
#2752 = VECTOR('',#2753,1.);
#2753 = DIRECTION('',(0.,0.,1.));
#2754 = ORIENTED_EDGE('',*,*,#1502,.F.);
#2755 = ORIENTED_EDGE('',*,*,#2749,.F.);
#2756 = CYLINDRICAL_SURFACE('',#2757,0.5);
#2757 = AXIS2_PLACEMENT_3D('',#2758,#2759,#2760);
#2758 = CARTESIAN_POINT('',(195.24,-101.8,-4.6E-02));
#2759 = DIRECTION('',(-0.,-0.,-1.));
#2760 = DIRECTION('',(-0.,-1.,0.));
#2761 = ADVANCED_FACE('',(#2762),#2773,.F.);
#2762 = FACE_BOUND('',#2763,.T.);
#2763 = EDGE_LOOP('',(#2764,#2765,#2771,#2772));
#2764 = ORIENTED_EDGE('',*,*,#598,.T.);
#2765 = ORIENTED_EDGE('',*,*,#2766,.T.);
#2766 = EDGE_CURVE('',#599,#1514,#2767,.T.);
#2767 = LINE('',#2768,#2769);
#2768 = CARTESIAN_POINT('',(197.78,-102.3,-4.6E-02));
#2769 = VECTOR('',#2770,1.);
#2770 = DIRECTION('',(0.,0.,1.));
#2771 = ORIENTED_EDGE('',*,*,#1513,.F.);
#2772 = ORIENTED_EDGE('',*,*,#2766,.F.);
#2773 = CYLINDRICAL_SURFACE('',#2774,0.5);
#2774 = AXIS2_PLACEMENT_3D('',#2775,#2776,#2777);
#2775 = CARTESIAN_POINT('',(197.78,-101.8,-4.6E-02));
#2776 = DIRECTION('',(-0.,-0.,-1.));
#2777 = DIRECTION('',(-0.,-1.,0.));
#2778 = ADVANCED_FACE('',(#2779),#2790,.F.);
#2779 = FACE_BOUND('',#2780,.T.);
#2780 = EDGE_LOOP('',(#2781,#2782,#2788,#2789));
#2781 = ORIENTED_EDGE('',*,*,#609,.T.);
#2782 = ORIENTED_EDGE('',*,*,#2783,.T.);
#2783 = EDGE_CURVE('',#610,#1525,#2784,.T.);
#2784 = LINE('',#2785,#2786);
#2785 = CARTESIAN_POINT('',(195.26,-98.7,-4.6E-02));
#2786 = VECTOR('',#2787,1.);
#2787 = DIRECTION('',(0.,0.,1.));
#2788 = ORIENTED_EDGE('',*,*,#1524,.F.);
#2789 = ORIENTED_EDGE('',*,*,#2783,.F.);
#2790 = CYLINDRICAL_SURFACE('',#2791,0.5);
#2791 = AXIS2_PLACEMENT_3D('',#2792,#2793,#2794);
#2792 = CARTESIAN_POINT('',(195.26,-98.2,-4.6E-02));
#2793 = DIRECTION('',(-0.,-0.,-1.));
#2794 = DIRECTION('',(-0.,-1.,0.));
#2795 = ADVANCED_FACE('',(#2796),#2807,.F.);
#2796 = FACE_BOUND('',#2797,.T.);
#2797 = EDGE_LOOP('',(#2798,#2799,#2805,#2806));
#2798 = ORIENTED_EDGE('',*,*,#620,.T.);
#2799 = ORIENTED_EDGE('',*,*,#2800,.T.);
#2800 = EDGE_CURVE('',#621,#1536,#2801,.T.);
#2801 = LINE('',#2802,#2803);
#2802 = CARTESIAN_POINT('',(197.8,-98.7,-4.6E-02));
#2803 = VECTOR('',#2804,1.);
#2804 = DIRECTION('',(0.,0.,1.));
#2805 = ORIENTED_EDGE('',*,*,#1535,.F.);
#2806 = ORIENTED_EDGE('',*,*,#2800,.F.);
#2807 = CYLINDRICAL_SURFACE('',#2808,0.5);
#2808 = AXIS2_PLACEMENT_3D('',#2809,#2810,#2811);
#2809 = CARTESIAN_POINT('',(197.8,-98.2,-4.6E-02));
#2810 = DIRECTION('',(-0.,-0.,-1.));
#2811 = DIRECTION('',(-0.,-1.,0.));
#2812 = ADVANCED_FACE('',(#2813),#2824,.F.);
#2813 = FACE_BOUND('',#2814,.T.);
#2814 = EDGE_LOOP('',(#2815,#2816,#2822,#2823));
#2815 = ORIENTED_EDGE('',*,*,#631,.T.);
#2816 = ORIENTED_EDGE('',*,*,#2817,.T.);
#2817 = EDGE_CURVE('',#632,#1547,#2818,.T.);
#2818 = LINE('',#2819,#2820);
#2819 = CARTESIAN_POINT('',(202.6,-101.275,-4.6E-02));
#2820 = VECTOR('',#2821,1.);
#2821 = DIRECTION('',(0.,0.,1.));
#2822 = ORIENTED_EDGE('',*,*,#1546,.F.);
#2823 = ORIENTED_EDGE('',*,*,#2817,.F.);
#2824 = CYLINDRICAL_SURFACE('',#2825,0.475);
#2825 = AXIS2_PLACEMENT_3D('',#2826,#2827,#2828);
#2826 = CARTESIAN_POINT('',(202.6,-100.8,-4.6E-02));
#2827 = DIRECTION('',(-0.,-0.,-1.));
#2828 = DIRECTION('',(-0.,-1.,0.));
#2829 = ADVANCED_FACE('',(#2830),#2841,.F.);
#2830 = FACE_BOUND('',#2831,.T.);
#2831 = EDGE_LOOP('',(#2832,#2833,#2839,#2840));
#2832 = ORIENTED_EDGE('',*,*,#642,.T.);
#2833 = ORIENTED_EDGE('',*,*,#2834,.T.);
#2834 = EDGE_CURVE('',#643,#1558,#2835,.T.);
#2835 = LINE('',#2836,#2837);
#2836 = CARTESIAN_POINT('',(205.1,-101.275,-4.6E-02));
#2837 = VECTOR('',#2838,1.);
#2838 = DIRECTION('',(0.,0.,1.));
#2839 = ORIENTED_EDGE('',*,*,#1557,.F.);
#2840 = ORIENTED_EDGE('',*,*,#2834,.F.);
#2841 = CYLINDRICAL_SURFACE('',#2842,0.475);
#2842 = AXIS2_PLACEMENT_3D('',#2843,#2844,#2845);
#2843 = CARTESIAN_POINT('',(205.1,-100.8,-4.6E-02));
#2844 = DIRECTION('',(-0.,-0.,-1.));
#2845 = DIRECTION('',(-0.,-1.,0.));
#2846 = ADVANCED_FACE('',(#2847),#2858,.F.);
#2847 = FACE_BOUND('',#2848,.T.);
#2848 = EDGE_LOOP('',(#2849,#2850,#2856,#2857));
#2849 = ORIENTED_EDGE('',*,*,#653,.T.);
#2850 = ORIENTED_EDGE('',*,*,#2851,.T.);
#2851 = EDGE_CURVE('',#654,#1569,#2852,.T.);
#2852 = LINE('',#2853,#2854);
#2853 = CARTESIAN_POINT('',(207.6,-101.275,-4.6E-02));
#2854 = VECTOR('',#2855,1.);
#2855 = DIRECTION('',(0.,0.,1.));
#2856 = ORIENTED_EDGE('',*,*,#1568,.F.);
#2857 = ORIENTED_EDGE('',*,*,#2851,.F.);
#2858 = CYLINDRICAL_SURFACE('',#2859,0.475);
#2859 = AXIS2_PLACEMENT_3D('',#2860,#2861,#2862);
#2860 = CARTESIAN_POINT('',(207.6,-100.8,-4.6E-02));
#2861 = DIRECTION('',(-0.,-0.,-1.));
#2862 = DIRECTION('',(-0.,-1.,0.));
#2863 = ADVANCED_FACE('',(#2864),#2875,.F.);
#2864 = FACE_BOUND('',#2865,.T.);
#2865 = EDGE_LOOP('',(#2866,#2867,#2873,#2874));
#2866 = ORIENTED_EDGE('',*,*,#664,.T.);
#2867 = ORIENTED_EDGE('',*,*,#2868,.T.);
#2868 = EDGE_CURVE('',#665,#1580,#2869,.T.);
#2869 = LINE('',#2870,#2871);
#2870 = CARTESIAN_POINT('',(210.1,-101.275,-4.6E-02));
#2871 = VECTOR('',#2872,1.);
#2872 = DIRECTION('',(0.,0.,1.));
#2873 = ORIENTED_EDGE('',*,*,#1579,.F.);
#2874 = ORIENTED_EDGE('',*,*,#2868,.F.);
#2875 = CYLINDRICAL_SURFACE('',#2876,0.475);
#2876 = AXIS2_PLACEMENT_3D('',#2877,#2878,#2879);
#2877 = CARTESIAN_POINT('',(210.1,-100.8,-4.6E-02));
#2878 = DIRECTION('',(-0.,-0.,-1.));
#2879 = DIRECTION('',(-0.,-1.,0.));
#2880 = ADVANCED_FACE('',(#2881),#2892,.F.);
#2881 = FACE_BOUND('',#2882,.T.);
#2882 = EDGE_LOOP('',(#2883,#2884,#2890,#2891));
#2883 = ORIENTED_EDGE('',*,*,#675,.T.);
#2884 = ORIENTED_EDGE('',*,*,#2885,.T.);
#2885 = EDGE_CURVE('',#676,#1591,#2886,.T.);
#2886 = LINE('',#2887,#2888);
#2887 = CARTESIAN_POINT('',(212.6,-101.275,-4.6E-02));
#2888 = VECTOR('',#2889,1.);
#2889 = DIRECTION('',(0.,0.,1.));
#2890 = ORIENTED_EDGE('',*,*,#1590,.F.);
#2891 = ORIENTED_EDGE('',*,*,#2885,.F.);
#2892 = CYLINDRICAL_SURFACE('',#2893,0.475);
#2893 = AXIS2_PLACEMENT_3D('',#2894,#2895,#2896);
#2894 = CARTESIAN_POINT('',(212.6,-100.8,-4.6E-02));
#2895 = DIRECTION('',(-0.,-0.,-1.));
#2896 = DIRECTION('',(-0.,-1.,0.));
#2897 = ADVANCED_FACE('',(#2898),#2909,.F.);
#2898 = FACE_BOUND('',#2899,.T.);
#2899 = EDGE_LOOP('',(#2900,#2901,#2907,#2908));
#2900 = ORIENTED_EDGE('',*,*,#686,.T.);
#2901 = ORIENTED_EDGE('',*,*,#2902,.T.);
#2902 = EDGE_CURVE('',#687,#1602,#2903,.T.);
#2903 = LINE('',#2904,#2905);
#2904 = CARTESIAN_POINT('',(206.6,-92.64,-4.6E-02));
#2905 = VECTOR('',#2906,1.);
#2906 = DIRECTION('',(0.,0.,1.));
#2907 = ORIENTED_EDGE('',*,*,#1601,.F.);
#2908 = ORIENTED_EDGE('',*,*,#2902,.F.);
#2909 = CYLINDRICAL_SURFACE('',#2910,0.5);
#2910 = AXIS2_PLACEMENT_3D('',#2911,#2912,#2913);
#2911 = CARTESIAN_POINT('',(206.6,-92.14,-4.6E-02));
#2912 = DIRECTION('',(-0.,-0.,-1.));
#2913 = DIRECTION('',(-0.,-1.,0.));
#2914 = ADVANCED_FACE('',(#2915),#2926,.F.);
#2915 = FACE_BOUND('',#2916,.T.);
#2916 = EDGE_LOOP('',(#2917,#2918,#2924,#2925));
#2917 = ORIENTED_EDGE('',*,*,#697,.T.);
#2918 = ORIENTED_EDGE('',*,*,#2919,.T.);
#2919 = EDGE_CURVE('',#698,#1613,#2920,.T.);
#2920 = LINE('',#2921,#2922);
#2921 = CARTESIAN_POINT('',(206.6,-90.1,-4.6E-02));
#2922 = VECTOR('',#2923,1.);
#2923 = DIRECTION('',(0.,0.,1.));
#2924 = ORIENTED_EDGE('',*,*,#1612,.F.);
#2925 = ORIENTED_EDGE('',*,*,#2919,.F.);
#2926 = CYLINDRICAL_SURFACE('',#2927,0.5);
#2927 = AXIS2_PLACEMENT_3D('',#2928,#2929,#2930);
#2928 = CARTESIAN_POINT('',(206.6,-89.6,-4.6E-02));
#2929 = DIRECTION('',(-0.,-0.,-1.));
#2930 = DIRECTION('',(-0.,-1.,0.));
#2931 = ADVANCED_FACE('',(#2932),#2943,.F.);
#2932 = FACE_BOUND('',#2933,.T.);
#2933 = EDGE_LOOP('',(#2934,#2935,#2941,#2942));
#2934 = ORIENTED_EDGE('',*,*,#708,.T.);
#2935 = ORIENTED_EDGE('',*,*,#2936,.T.);
#2936 = EDGE_CURVE('',#709,#1624,#2937,.T.);
#2937 = LINE('',#2938,#2939);
#2938 = CARTESIAN_POINT('',(173.3,-78.575,-4.6E-02));
#2939 = VECTOR('',#2940,1.);
#2940 = DIRECTION('',(0.,0.,1.));
#2941 = ORIENTED_EDGE('',*,*,#1623,.F.);
#2942 = ORIENTED_EDGE('',*,*,#2936,.F.);
#2943 = CYLINDRICAL_SURFACE('',#2944,0.475);
#2944 = AXIS2_PLACEMENT_3D('',#2945,#2946,#2947);
#2945 = CARTESIAN_POINT('',(173.3,-78.1,-4.6E-02));
#2946 = DIRECTION('',(-0.,-0.,-1.));
#2947 = DIRECTION('',(-0.,-1.,0.));
#2948 = ADVANCED_FACE('',(#2949),#2960,.F.);
#2949 = FACE_BOUND('',#2950,.T.);
#2950 = EDGE_LOOP('',(#2951,#2952,#2958,#2959));
#2951 = ORIENTED_EDGE('',*,*,#719,.T.);
#2952 = ORIENTED_EDGE('',*,*,#2953,.T.);
#2953 = EDGE_CURVE('',#720,#1635,#2954,.T.);
#2954 = LINE('',#2955,#2956);
#2955 = CARTESIAN_POINT('',(175.8,-78.575,-4.6E-02));
#2956 = VECTOR('',#2957,1.);
#2957 = DIRECTION('',(0.,0.,1.));
#2958 = ORIENTED_EDGE('',*,*,#1634,.F.);
#2959 = ORIENTED_EDGE('',*,*,#2953,.F.);
#2960 = CYLINDRICAL_SURFACE('',#2961,0.475);
#2961 = AXIS2_PLACEMENT_3D('',#2962,#2963,#2964);
#2962 = CARTESIAN_POINT('',(175.8,-78.1,-4.6E-02));
#2963 = DIRECTION('',(-0.,-0.,-1.));
#2964 = DIRECTION('',(-0.,-1.,0.));
#2965 = ADVANCED_FACE('',(#2966),#2977,.F.);
#2966 = FACE_BOUND('',#2967,.T.);
#2967 = EDGE_LOOP('',(#2968,#2969,#2975,#2976));
#2968 = ORIENTED_EDGE('',*,*,#730,.T.);
#2969 = ORIENTED_EDGE('',*,*,#2970,.T.);
#2970 = EDGE_CURVE('',#731,#1646,#2971,.T.);
#2971 = LINE('',#2972,#2973);
#2972 = CARTESIAN_POINT('',(178.3,-78.575,-4.6E-02));
#2973 = VECTOR('',#2974,1.);
#2974 = DIRECTION('',(0.,0.,1.));
#2975 = ORIENTED_EDGE('',*,*,#1645,.F.);
#2976 = ORIENTED_EDGE('',*,*,#2970,.F.);
#2977 = CYLINDRICAL_SURFACE('',#2978,0.475);
#2978 = AXIS2_PLACEMENT_3D('',#2979,#2980,#2981);
#2979 = CARTESIAN_POINT('',(178.3,-78.1,-4.6E-02));
#2980 = DIRECTION('',(-0.,-0.,-1.));
#2981 = DIRECTION('',(-0.,-1.,0.));
#2982 = ADVANCED_FACE('',(#2983),#2994,.F.);
#2983 = FACE_BOUND('',#2984,.T.);
#2984 = EDGE_LOOP('',(#2985,#2986,#2992,#2993));
#2985 = ORIENTED_EDGE('',*,*,#741,.T.);
#2986 = ORIENTED_EDGE('',*,*,#2987,.T.);
#2987 = EDGE_CURVE('',#742,#1657,#2988,.T.);
#2988 = LINE('',#2989,#2990);
#2989 = CARTESIAN_POINT('',(180.8,-78.575,-4.6E-02));
#2990 = VECTOR('',#2991,1.);
#2991 = DIRECTION('',(0.,0.,1.));
#2992 = ORIENTED_EDGE('',*,*,#1656,.F.);
#2993 = ORIENTED_EDGE('',*,*,#2987,.F.);
#2994 = CYLINDRICAL_SURFACE('',#2995,0.475);
#2995 = AXIS2_PLACEMENT_3D('',#2996,#2997,#2998);
#2996 = CARTESIAN_POINT('',(180.8,-78.1,-4.6E-02));
#2997 = DIRECTION('',(-0.,-0.,-1.));
#2998 = DIRECTION('',(-0.,-1.,0.));
#2999 = ADVANCED_FACE('',(#3000),#3011,.F.);
#3000 = FACE_BOUND('',#3001,.T.);
#3001 = EDGE_LOOP('',(#3002,#3003,#3009,#3010));
#3002 = ORIENTED_EDGE('',*,*,#752,.T.);
#3003 = ORIENTED_EDGE('',*,*,#3004,.T.);
#3004 = EDGE_CURVE('',#753,#1668,#3005,.T.);
#3005 = LINE('',#3006,#3007);
#3006 = CARTESIAN_POINT('',(175.9,-72.09,-4.6E-02));
#3007 = VECTOR('',#3008,1.);
#3008 = DIRECTION('',(0.,0.,1.));
#3009 = ORIENTED_EDGE('',*,*,#1667,.F.);
#3010 = ORIENTED_EDGE('',*,*,#3004,.F.);
#3011 = CYLINDRICAL_SURFACE('',#3012,0.5);
#3012 = AXIS2_PLACEMENT_3D('',#3013,#3014,#3015);
#3013 = CARTESIAN_POINT('',(175.9,-71.59,-4.6E-02));
#3014 = DIRECTION('',(-0.,-0.,-1.));
#3015 = DIRECTION('',(-0.,-1.,0.));
#3016 = ADVANCED_FACE('',(#3017),#3028,.F.);
#3017 = FACE_BOUND('',#3018,.T.);
#3018 = EDGE_LOOP('',(#3019,#3020,#3026,#3027));
#3019 = ORIENTED_EDGE('',*,*,#763,.T.);
#3020 = ORIENTED_EDGE('',*,*,#3021,.T.);
#3021 = EDGE_CURVE('',#764,#1679,#3022,.T.);
#3022 = LINE('',#3023,#3024);
#3023 = CARTESIAN_POINT('',(178.44,-72.09,-4.6E-02));
#3024 = VECTOR('',#3025,1.);
#3025 = DIRECTION('',(0.,0.,1.));
#3026 = ORIENTED_EDGE('',*,*,#1678,.F.);
#3027 = ORIENTED_EDGE('',*,*,#3021,.F.);
#3028 = CYLINDRICAL_SURFACE('',#3029,0.5);
#3029 = AXIS2_PLACEMENT_3D('',#3030,#3031,#3032);
#3030 = CARTESIAN_POINT('',(178.44,-71.59,-4.6E-02));
#3031 = DIRECTION('',(-0.,-0.,-1.));
#3032 = DIRECTION('',(-0.,-1.,0.));
#3033 = ADVANCED_FACE('',(#3034),#3045,.F.);
#3034 = FACE_BOUND('',#3035,.T.);
#3035 = EDGE_LOOP('',(#3036,#3037,#3043,#3044));
#3036 = ORIENTED_EDGE('',*,*,#774,.T.);
#3037 = ORIENTED_EDGE('',*,*,#3038,.T.);
#3038 = EDGE_CURVE('',#775,#1690,#3039,.T.);
#3039 = LINE('',#3040,#3041);
#3040 = CARTESIAN_POINT('',(175.,-62.95,-4.6E-02));
#3041 = VECTOR('',#3042,1.);
#3042 = DIRECTION('',(0.,0.,1.));
#3043 = ORIENTED_EDGE('',*,*,#1689,.F.);
#3044 = ORIENTED_EDGE('',*,*,#3038,.F.);
#3045 = CYLINDRICAL_SURFACE('',#3046,0.75);
#3046 = AXIS2_PLACEMENT_3D('',#3047,#3048,#3049);
#3047 = CARTESIAN_POINT('',(175.,-62.2,-4.6E-02));
#3048 = DIRECTION('',(-0.,-0.,-1.));
#3049 = DIRECTION('',(-0.,-1.,0.));
#3050 = ADVANCED_FACE('',(#3051),#3067,.F.);
#3051 = FACE_BOUND('',#3052,.T.);
#3052 = EDGE_LOOP('',(#3053,#3054,#3060,#3061));
#3053 = ORIENTED_EDGE('',*,*,#785,.T.);
#3054 = ORIENTED_EDGE('',*,*,#3055,.T.);
#3055 = EDGE_CURVE('',#788,#1703,#3056,.T.);
#3056 = LINE('',#3057,#3058);
#3057 = CARTESIAN_POINT('',(189.78,-67.12,-4.6E-02));
#3058 = VECTOR('',#3059,1.);
#3059 = DIRECTION('',(0.,0.,1.));
#3060 = ORIENTED_EDGE('',*,*,#1700,.F.);
#3061 = ORIENTED_EDGE('',*,*,#3062,.F.);
#3062 = EDGE_CURVE('',#786,#1701,#3063,.T.);
#3063 = LINE('',#3064,#3065);
#3064 = CARTESIAN_POINT('',(189.18,-67.12,-4.6E-02));
#3065 = VECTOR('',#3066,1.);
#3066 = DIRECTION('',(0.,0.,1.));
#3067 = CYLINDRICAL_SURFACE('',#3068,0.3);
#3068 = AXIS2_PLACEMENT_3D('',#3069,#3070,#3071);
#3069 = CARTESIAN_POINT('',(189.48,-67.12,-4.6E-02));
#3070 = DIRECTION('',(-0.,-0.,-1.));
#3071 = DIRECTION('',(1.,0.,-0.));
#3072 = ADVANCED_FACE('',(#3073),#3084,.T.);
#3073 = FACE_BOUND('',#3074,.T.);
#3074 = EDGE_LOOP('',(#3075,#3076,#3077,#3078));
#3075 = ORIENTED_EDGE('',*,*,#813,.T.);
#3076 = ORIENTED_EDGE('',*,*,#3062,.T.);
#3077 = ORIENTED_EDGE('',*,*,#1728,.F.);
#3078 = ORIENTED_EDGE('',*,*,#3079,.F.);
#3079 = EDGE_CURVE('',#805,#1720,#3080,.T.);
#3080 = LINE('',#3081,#3082);
#3081 = CARTESIAN_POINT('',(189.18,-68.22,-4.6E-02));
#3082 = VECTOR('',#3083,1.);
#3083 = DIRECTION('',(0.,0.,1.));
#3084 = PLANE('',#3085);
#3085 = AXIS2_PLACEMENT_3D('',#3086,#3087,#3088);
#3086 = CARTESIAN_POINT('',(189.18,-67.12,-4.6E-02));
#3087 = DIRECTION('',(1.,0.,-0.));
#3088 = DIRECTION('',(0.,-1.,0.));
#3089 = ADVANCED_FACE('',(#3090),#3101,.F.);
#3090 = FACE_BOUND('',#3091,.T.);
#3091 = EDGE_LOOP('',(#3092,#3093,#3094,#3095));
#3092 = ORIENTED_EDGE('',*,*,#804,.T.);
#3093 = ORIENTED_EDGE('',*,*,#3079,.T.);
#3094 = ORIENTED_EDGE('',*,*,#1719,.F.);
#3095 = ORIENTED_EDGE('',*,*,#3096,.F.);
#3096 = EDGE_CURVE('',#797,#1712,#3097,.T.);
#3097 = LINE('',#3098,#3099);
#3098 = CARTESIAN_POINT('',(189.78,-68.22,-4.6E-02));
#3099 = VECTOR('',#3100,1.);
#3100 = DIRECTION('',(0.,0.,1.));
#3101 = CYLINDRICAL_SURFACE('',#3102,0.3);
#3102 = AXIS2_PLACEMENT_3D('',#3103,#3104,#3105);
#3103 = CARTESIAN_POINT('',(189.48,-68.22,-4.6E-02));
#3104 = DIRECTION('',(-0.,-0.,-1.));
#3105 = DIRECTION('',(-1.,0.,-0.));
#3106 = ADVANCED_FACE('',(#3107),#3113,.T.);
#3107 = FACE_BOUND('',#3108,.T.);
#3108 = EDGE_LOOP('',(#3109,#3110,#3111,#3112));
#3109 = ORIENTED_EDGE('',*,*,#796,.T.);
#3110 = ORIENTED_EDGE('',*,*,#3096,.T.);
#3111 = ORIENTED_EDGE('',*,*,#1711,.F.);
#3112 = ORIENTED_EDGE('',*,*,#3055,.F.);
#3113 = PLANE('',#3114);
#3114 = AXIS2_PLACEMENT_3D('',#3115,#3116,#3117);
#3115 = CARTESIAN_POINT('',(189.78,-68.22,-4.6E-02));
#3116 = DIRECTION('',(-1.,0.,0.));
#3117 = DIRECTION('',(0.,1.,0.));
#3118 = ADVANCED_FACE('',(#3119),#3130,.F.);
#3119 = FACE_BOUND('',#3120,.T.);
#3120 = EDGE_LOOP('',(#3121,#3122,#3128,#3129));
#3121 = ORIENTED_EDGE('',*,*,#821,.T.);
#3122 = ORIENTED_EDGE('',*,*,#3123,.T.);
#3123 = EDGE_CURVE('',#822,#1737,#3124,.T.);
#3124 = LINE('',#3125,#3126);
#3125 = CARTESIAN_POINT('',(190.91,-67.465,-4.6E-02));
#3126 = VECTOR('',#3127,1.);
#3127 = DIRECTION('',(0.,0.,1.));
#3128 = ORIENTED_EDGE('',*,*,#1736,.F.);
#3129 = ORIENTED_EDGE('',*,*,#3123,.F.);
#3130 = CYLINDRICAL_SURFACE('',#3131,0.325);
#3131 = AXIS2_PLACEMENT_3D('',#3132,#3133,#3134);
#3132 = CARTESIAN_POINT('',(190.91,-67.14,-4.6E-02));
#3133 = DIRECTION('',(-0.,-0.,-1.));
#3134 = DIRECTION('',(-8.745141363202E-14,-1.,0.));
#3135 = ADVANCED_FACE('',(#3136),#3152,.F.);
#3136 = FACE_BOUND('',#3137,.T.);
#3137 = EDGE_LOOP('',(#3138,#3139,#3145,#3146));
#3138 = ORIENTED_EDGE('',*,*,#832,.T.);
#3139 = ORIENTED_EDGE('',*,*,#3140,.T.);
#3140 = EDGE_CURVE('',#835,#1750,#3141,.T.);
#3141 = LINE('',#3142,#3143);
#3142 = CARTESIAN_POINT('',(189.78,-63.19,-4.6E-02));
#3143 = VECTOR('',#3144,1.);
#3144 = DIRECTION('',(0.,0.,1.));
#3145 = ORIENTED_EDGE('',*,*,#1747,.F.);
#3146 = ORIENTED_EDGE('',*,*,#3147,.F.);
#3147 = EDGE_CURVE('',#833,#1748,#3148,.T.);
#3148 = LINE('',#3149,#3150);
#3149 = CARTESIAN_POINT('',(189.18,-63.19,-4.6E-02));
#3150 = VECTOR('',#3151,1.);
#3151 = DIRECTION('',(0.,0.,1.));
#3152 = CYLINDRICAL_SURFACE('',#3153,0.3);
#3153 = AXIS2_PLACEMENT_3D('',#3154,#3155,#3156);
#3154 = CARTESIAN_POINT('',(189.48,-63.19,-4.6E-02));
#3155 = DIRECTION('',(-0.,-0.,-1.));
#3156 = DIRECTION('',(1.,2.368475785867E-14,-0.));
#3157 = ADVANCED_FACE('',(#3158),#3169,.T.);
#3158 = FACE_BOUND('',#3159,.T.);
#3159 = EDGE_LOOP('',(#3160,#3161,#3162,#3163));
#3160 = ORIENTED_EDGE('',*,*,#860,.T.);
#3161 = ORIENTED_EDGE('',*,*,#3147,.T.);
#3162 = ORIENTED_EDGE('',*,*,#1775,.F.);
#3163 = ORIENTED_EDGE('',*,*,#3164,.F.);
#3164 = EDGE_CURVE('',#852,#1767,#3165,.T.);
#3165 = LINE('',#3166,#3167);
#3166 = CARTESIAN_POINT('',(189.18,-63.79,-4.6E-02));
#3167 = VECTOR('',#3168,1.);
#3168 = DIRECTION('',(0.,0.,1.));
#3169 = PLANE('',#3170);
#3170 = AXIS2_PLACEMENT_3D('',#3171,#3172,#3173);
#3171 = CARTESIAN_POINT('',(189.18,-63.19,-4.6E-02));
#3172 = DIRECTION('',(1.,0.,-0.));
#3173 = DIRECTION('',(0.,-1.,0.));
#3174 = ADVANCED_FACE('',(#3175),#3186,.F.);
#3175 = FACE_BOUND('',#3176,.T.);
#3176 = EDGE_LOOP('',(#3177,#3178,#3179,#3180));
#3177 = ORIENTED_EDGE('',*,*,#851,.T.);
#3178 = ORIENTED_EDGE('',*,*,#3164,.T.);
#3179 = ORIENTED_EDGE('',*,*,#1766,.F.);
#3180 = ORIENTED_EDGE('',*,*,#3181,.F.);
#3181 = EDGE_CURVE('',#844,#1759,#3182,.T.);
#3182 = LINE('',#3183,#3184);
#3183 = CARTESIAN_POINT('',(189.78,-63.79,-4.6E-02));
#3184 = VECTOR('',#3185,1.);
#3185 = DIRECTION('',(0.,0.,1.));
#3186 = CYLINDRICAL_SURFACE('',#3187,0.3);
#3187 = AXIS2_PLACEMENT_3D('',#3188,#3189,#3190);
#3188 = CARTESIAN_POINT('',(189.48,-63.79,-4.6E-02));
#3189 = DIRECTION('',(-0.,-0.,-1.));
#3190 = DIRECTION('',(-1.,0.,-0.));
#3191 = ADVANCED_FACE('',(#3192),#3198,.T.);
#3192 = FACE_BOUND('',#3193,.T.);
#3193 = EDGE_LOOP('',(#3194,#3195,#3196,#3197));
#3194 = ORIENTED_EDGE('',*,*,#843,.T.);
#3195 = ORIENTED_EDGE('',*,*,#3181,.T.);
#3196 = ORIENTED_EDGE('',*,*,#1758,.F.);
#3197 = ORIENTED_EDGE('',*,*,#3140,.F.);
#3198 = PLANE('',#3199);
#3199 = AXIS2_PLACEMENT_3D('',#3200,#3201,#3202);
#3200 = CARTESIAN_POINT('',(189.78,-63.79,-4.6E-02));
#3201 = DIRECTION('',(-1.,0.,0.));
#3202 = DIRECTION('',(0.,1.,0.));
#3203 = ADVANCED_FACE('',(#3204),#3215,.F.);
#3204 = FACE_BOUND('',#3205,.T.);
#3205 = EDGE_LOOP('',(#3206,#3207,#3213,#3214));
#3206 = ORIENTED_EDGE('',*,*,#868,.T.);
#3207 = ORIENTED_EDGE('',*,*,#3208,.T.);
#3208 = EDGE_CURVE('',#869,#1784,#3209,.T.);
#3209 = LINE('',#3210,#3211);
#3210 = CARTESIAN_POINT('',(214.25,-80.375,-4.6E-02));
#3211 = VECTOR('',#3212,1.);
#3212 = DIRECTION('',(0.,0.,1.));
#3213 = ORIENTED_EDGE('',*,*,#1783,.F.);
#3214 = ORIENTED_EDGE('',*,*,#3208,.F.);
#3215 = CYLINDRICAL_SURFACE('',#3216,0.5);
#3216 = AXIS2_PLACEMENT_3D('',#3217,#3218,#3219);
#3217 = CARTESIAN_POINT('',(214.25,-79.875,-4.6E-02));
#3218 = DIRECTION('',(-0.,-0.,-1.));
#3219 = DIRECTION('',(-0.,-1.,0.));
#3220 = ADVANCED_FACE('',(#3221),#3232,.F.);
#3221 = FACE_BOUND('',#3222,.T.);
#3222 = EDGE_LOOP('',(#3223,#3224,#3230,#3231));
#3223 = ORIENTED_EDGE('',*,*,#879,.T.);
#3224 = ORIENTED_EDGE('',*,*,#3225,.T.);
#3225 = EDGE_CURVE('',#880,#1795,#3226,.T.);
#3226 = LINE('',#3227,#3228);
#3227 = CARTESIAN_POINT('',(216.75,-80.375,-4.6E-02));
#3228 = VECTOR('',#3229,1.);
#3229 = DIRECTION('',(0.,0.,1.));
#3230 = ORIENTED_EDGE('',*,*,#1794,.F.);
#3231 = ORIENTED_EDGE('',*,*,#3225,.F.);
#3232 = CYLINDRICAL_SURFACE('',#3233,0.5);
#3233 = AXIS2_PLACEMENT_3D('',#3234,#3235,#3236);
#3234 = CARTESIAN_POINT('',(216.75,-79.875,-4.6E-02));
#3235 = DIRECTION('',(-0.,-0.,-1.));
#3236 = DIRECTION('',(-0.,-1.,0.));
#3237 = ADVANCED_FACE('',(#3238),#3249,.F.);
#3238 = FACE_BOUND('',#3239,.T.);
#3239 = EDGE_LOOP('',(#3240,#3241,#3247,#3248));
#3240 = ORIENTED_EDGE('',*,*,#890,.T.);
#3241 = ORIENTED_EDGE('',*,*,#3242,.T.);
#3242 = EDGE_CURVE('',#891,#1806,#3243,.T.);
#3243 = LINE('',#3244,#3245);
#3244 = CARTESIAN_POINT('',(209.25,-73.45,-4.6E-02));
#3245 = VECTOR('',#3246,1.);
#3246 = DIRECTION('',(0.,0.,1.));
#3247 = ORIENTED_EDGE('',*,*,#1805,.F.);
#3248 = ORIENTED_EDGE('',*,*,#3242,.F.);
#3249 = CYLINDRICAL_SURFACE('',#3250,0.475);
#3250 = AXIS2_PLACEMENT_3D('',#3251,#3252,#3253);
#3251 = CARTESIAN_POINT('',(209.25,-72.975,-4.6E-02));
#3252 = DIRECTION('',(-0.,-0.,-1.));
#3253 = DIRECTION('',(-0.,-1.,0.));
#3254 = ADVANCED_FACE('',(#3255),#3266,.F.);
#3255 = FACE_BOUND('',#3256,.T.);
#3256 = EDGE_LOOP('',(#3257,#3258,#3264,#3265));
#3257 = ORIENTED_EDGE('',*,*,#901,.T.);
#3258 = ORIENTED_EDGE('',*,*,#3259,.T.);
#3259 = EDGE_CURVE('',#902,#1817,#3260,.T.);
#3260 = LINE('',#3261,#3262);
#3261 = CARTESIAN_POINT('',(211.75,-73.45,-4.6E-02));
#3262 = VECTOR('',#3263,1.);
#3263 = DIRECTION('',(0.,0.,1.));
#3264 = ORIENTED_EDGE('',*,*,#1816,.F.);
#3265 = ORIENTED_EDGE('',*,*,#3259,.F.);
#3266 = CYLINDRICAL_SURFACE('',#3267,0.475);
#3267 = AXIS2_PLACEMENT_3D('',#3268,#3269,#3270);
#3268 = CARTESIAN_POINT('',(211.75,-72.975,-4.6E-02));
#3269 = DIRECTION('',(-0.,-0.,-1.));
#3270 = DIRECTION('',(-0.,-1.,0.));
#3271 = ADVANCED_FACE('',(#3272),#3283,.F.);
#3272 = FACE_BOUND('',#3273,.T.);
#3273 = EDGE_LOOP('',(#3274,#3275,#3281,#3282));
#3274 = ORIENTED_EDGE('',*,*,#912,.T.);
#3275 = ORIENTED_EDGE('',*,*,#3276,.T.);
#3276 = EDGE_CURVE('',#913,#1828,#3277,.T.);
#3277 = LINE('',#3278,#3279);
#3278 = CARTESIAN_POINT('',(214.25,-73.45,-4.6E-02));
#3279 = VECTOR('',#3280,1.);
#3280 = DIRECTION('',(0.,0.,1.));
#3281 = ORIENTED_EDGE('',*,*,#1827,.F.);
#3282 = ORIENTED_EDGE('',*,*,#3276,.F.);
#3283 = CYLINDRICAL_SURFACE('',#3284,0.475);
#3284 = AXIS2_PLACEMENT_3D('',#3285,#3286,#3287);
#3285 = CARTESIAN_POINT('',(214.25,-72.975,-4.6E-02));
#3286 = DIRECTION('',(-0.,-0.,-1.));
#3287 = DIRECTION('',(-0.,-1.,0.));
#3288 = ADVANCED_FACE('',(#3289),#3300,.F.);
#3289 = FACE_BOUND('',#3290,.T.);
#3290 = EDGE_LOOP('',(#3291,#3292,#3298,#3299));
#3291 = ORIENTED_EDGE('',*,*,#923,.T.);
#3292 = ORIENTED_EDGE('',*,*,#3293,.T.);
#3293 = EDGE_CURVE('',#924,#1839,#3294,.T.);
#3294 = LINE('',#3295,#3296);
#3295 = CARTESIAN_POINT('',(216.75,-73.45,-4.6E-02));
#3296 = VECTOR('',#3297,1.);
#3297 = DIRECTION('',(0.,0.,1.));
#3298 = ORIENTED_EDGE('',*,*,#1838,.F.);
#3299 = ORIENTED_EDGE('',*,*,#3293,.F.);
#3300 = CYLINDRICAL_SURFACE('',#3301,0.475);
#3301 = AXIS2_PLACEMENT_3D('',#3302,#3303,#3304);
#3302 = CARTESIAN_POINT('',(216.75,-72.975,-4.6E-02));
#3303 = DIRECTION('',(-0.,-0.,-1.));
#3304 = DIRECTION('',(-0.,-1.,0.));
#3305 = ADVANCED_FACE('',(#3306),#3317,.F.);
#3306 = FACE_BOUND('',#3307,.T.);
#3307 = EDGE_LOOP('',(#3308,#3309,#3315,#3316));
#3308 = ORIENTED_EDGE('',*,*,#934,.T.);
#3309 = ORIENTED_EDGE('',*,*,#3310,.T.);
#3310 = EDGE_CURVE('',#935,#1850,#3311,.T.);
#3311 = LINE('',#3312,#3313);
#3312 = CARTESIAN_POINT('',(196.69,-67.465,-4.6E-02));
#3313 = VECTOR('',#3314,1.);
#3314 = DIRECTION('',(0.,0.,1.));
#3315 = ORIENTED_EDGE('',*,*,#1849,.F.);
#3316 = ORIENTED_EDGE('',*,*,#3310,.F.);
#3317 = CYLINDRICAL_SURFACE('',#3318,0.325);
#3318 = AXIS2_PLACEMENT_3D('',#3319,#3320,#3321);
#3319 = CARTESIAN_POINT('',(196.69,-67.14,-4.6E-02));
#3320 = DIRECTION('',(-0.,-0.,-1.));
#3321 = DIRECTION('',(-0.,-1.,0.));
#3322 = ADVANCED_FACE('',(#3323),#3339,.F.);
#3323 = FACE_BOUND('',#3324,.T.);
#3324 = EDGE_LOOP('',(#3325,#3326,#3332,#3333));
#3325 = ORIENTED_EDGE('',*,*,#945,.T.);
#3326 = ORIENTED_EDGE('',*,*,#3327,.T.);
#3327 = EDGE_CURVE('',#948,#1863,#3328,.T.);
#3328 = LINE('',#3329,#3330);
#3329 = CARTESIAN_POINT('',(198.42,-67.12,-4.6E-02));
#3330 = VECTOR('',#3331,1.);
#3331 = DIRECTION('',(0.,0.,1.));
#3332 = ORIENTED_EDGE('',*,*,#1860,.F.);
#3333 = ORIENTED_EDGE('',*,*,#3334,.F.);
#3334 = EDGE_CURVE('',#946,#1861,#3335,.T.);
#3335 = LINE('',#3336,#3337);
#3336 = CARTESIAN_POINT('',(197.82,-67.12,-4.6E-02));
#3337 = VECTOR('',#3338,1.);
#3338 = DIRECTION('',(0.,0.,1.));
#3339 = CYLINDRICAL_SURFACE('',#3340,0.3);
#3340 = AXIS2_PLACEMENT_3D('',#3341,#3342,#3343);
#3341 = CARTESIAN_POINT('',(198.12,-67.12,-4.6E-02));
#3342 = DIRECTION('',(-0.,-0.,-1.));
#3343 = DIRECTION('',(1.,-9.473903143468E-14,0.));
#3344 = ADVANCED_FACE('',(#3345),#3356,.T.);
#3345 = FACE_BOUND('',#3346,.T.);
#3346 = EDGE_LOOP('',(#3347,#3348,#3349,#3350));
#3347 = ORIENTED_EDGE('',*,*,#973,.T.);
#3348 = ORIENTED_EDGE('',*,*,#3334,.T.);
#3349 = ORIENTED_EDGE('',*,*,#1888,.F.);
#3350 = ORIENTED_EDGE('',*,*,#3351,.F.);
#3351 = EDGE_CURVE('',#965,#1880,#3352,.T.);
#3352 = LINE('',#3353,#3354);
#3353 = CARTESIAN_POINT('',(197.82,-68.22,-4.6E-02));
#3354 = VECTOR('',#3355,1.);
#3355 = DIRECTION('',(0.,0.,1.));
#3356 = PLANE('',#3357);
#3357 = AXIS2_PLACEMENT_3D('',#3358,#3359,#3360);
#3358 = CARTESIAN_POINT('',(197.82,-67.12,-4.6E-02));
#3359 = DIRECTION('',(1.,0.,-0.));
#3360 = DIRECTION('',(0.,-1.,0.));
#3361 = ADVANCED_FACE('',(#3362),#3373,.F.);
#3362 = FACE_BOUND('',#3363,.T.);
#3363 = EDGE_LOOP('',(#3364,#3365,#3366,#3367));
#3364 = ORIENTED_EDGE('',*,*,#964,.T.);
#3365 = ORIENTED_EDGE('',*,*,#3351,.T.);
#3366 = ORIENTED_EDGE('',*,*,#1879,.F.);
#3367 = ORIENTED_EDGE('',*,*,#3368,.F.);
#3368 = EDGE_CURVE('',#957,#1872,#3369,.T.);
#3369 = LINE('',#3370,#3371);
#3370 = CARTESIAN_POINT('',(198.42,-68.22,-4.6E-02));
#3371 = VECTOR('',#3372,1.);
#3372 = DIRECTION('',(0.,0.,1.));
#3373 = CYLINDRICAL_SURFACE('',#3374,0.3);
#3374 = AXIS2_PLACEMENT_3D('',#3375,#3376,#3377);
#3375 = CARTESIAN_POINT('',(198.12,-68.22,-4.6E-02));
#3376 = DIRECTION('',(-0.,-0.,-1.));
#3377 = DIRECTION('',(-1.,4.736951571734E-14,-0.));
#3378 = ADVANCED_FACE('',(#3379),#3385,.T.);
#3379 = FACE_BOUND('',#3380,.T.);
#3380 = EDGE_LOOP('',(#3381,#3382,#3383,#3384));
#3381 = ORIENTED_EDGE('',*,*,#956,.T.);
#3382 = ORIENTED_EDGE('',*,*,#3368,.T.);
#3383 = ORIENTED_EDGE('',*,*,#1871,.F.);
#3384 = ORIENTED_EDGE('',*,*,#3327,.F.);
#3385 = PLANE('',#3386);
#3386 = AXIS2_PLACEMENT_3D('',#3387,#3388,#3389);
#3387 = CARTESIAN_POINT('',(198.42,-68.22,-4.6E-02));
#3388 = DIRECTION('',(-1.,0.,0.));
#3389 = DIRECTION('',(0.,1.,0.));
#3390 = ADVANCED_FACE('',(#3391),#3407,.F.);
#3391 = FACE_BOUND('',#3392,.T.);
#3392 = EDGE_LOOP('',(#3393,#3394,#3400,#3401));
#3393 = ORIENTED_EDGE('',*,*,#981,.T.);
#3394 = ORIENTED_EDGE('',*,*,#3395,.T.);
#3395 = EDGE_CURVE('',#984,#1899,#3396,.T.);
#3396 = LINE('',#3397,#3398);
#3397 = CARTESIAN_POINT('',(198.42,-63.19,-4.6E-02));
#3398 = VECTOR('',#3399,1.);
#3399 = DIRECTION('',(0.,0.,1.));
#3400 = ORIENTED_EDGE('',*,*,#1896,.F.);
#3401 = ORIENTED_EDGE('',*,*,#3402,.F.);
#3402 = EDGE_CURVE('',#982,#1897,#3403,.T.);
#3403 = LINE('',#3404,#3405);
#3404 = CARTESIAN_POINT('',(197.82,-63.19,-4.6E-02));
#3405 = VECTOR('',#3406,1.);
#3406 = DIRECTION('',(0.,0.,1.));
#3407 = CYLINDRICAL_SURFACE('',#3408,0.3);
#3408 = AXIS2_PLACEMENT_3D('',#3409,#3410,#3411);
#3409 = CARTESIAN_POINT('',(198.12,-63.19,-4.6E-02));
#3410 = DIRECTION('',(-0.,-0.,-1.));
#3411 = DIRECTION('',(1.,-2.368475785867E-14,0.));
#3412 = ADVANCED_FACE('',(#3413),#3424,.T.);
#3413 = FACE_BOUND('',#3414,.T.);
#3414 = EDGE_LOOP('',(#3415,#3416,#3417,#3418));
#3415 = ORIENTED_EDGE('',*,*,#1009,.T.);
#3416 = ORIENTED_EDGE('',*,*,#3402,.T.);
#3417 = ORIENTED_EDGE('',*,*,#1924,.F.);
#3418 = ORIENTED_EDGE('',*,*,#3419,.F.);
#3419 = EDGE_CURVE('',#1001,#1916,#3420,.T.);
#3420 = LINE('',#3421,#3422);
#3421 = CARTESIAN_POINT('',(197.82,-63.79,-4.6E-02));
#3422 = VECTOR('',#3423,1.);
#3423 = DIRECTION('',(0.,0.,1.));
#3424 = PLANE('',#3425);
#3425 = AXIS2_PLACEMENT_3D('',#3426,#3427,#3428);
#3426 = CARTESIAN_POINT('',(197.82,-63.19,-4.6E-02));
#3427 = DIRECTION('',(1.,0.,-0.));
#3428 = DIRECTION('',(0.,-1.,0.));
#3429 = ADVANCED_FACE('',(#3430),#3441,.F.);
#3430 = FACE_BOUND('',#3431,.T.);
#3431 = EDGE_LOOP('',(#3432,#3433,#3434,#3435));
#3432 = ORIENTED_EDGE('',*,*,#1000,.T.);
#3433 = ORIENTED_EDGE('',*,*,#3419,.T.);
#3434 = ORIENTED_EDGE('',*,*,#1915,.F.);
#3435 = ORIENTED_EDGE('',*,*,#3436,.F.);
#3436 = EDGE_CURVE('',#993,#1908,#3437,.T.);
#3437 = LINE('',#3438,#3439);
#3438 = CARTESIAN_POINT('',(198.42,-63.79,-4.6E-02));
#3439 = VECTOR('',#3440,1.);
#3440 = DIRECTION('',(0.,0.,1.));
#3441 = CYLINDRICAL_SURFACE('',#3442,0.3);
#3442 = AXIS2_PLACEMENT_3D('',#3443,#3444,#3445);
#3443 = CARTESIAN_POINT('',(198.12,-63.79,-4.6E-02));
#3444 = DIRECTION('',(-0.,-0.,-1.));
#3445 = DIRECTION('',(-1.,4.736951571734E-14,-0.));
#3446 = ADVANCED_FACE('',(#3447),#3453,.T.);
#3447 = FACE_BOUND('',#3448,.T.);
#3448 = EDGE_LOOP('',(#3449,#3450,#3451,#3452));
#3449 = ORIENTED_EDGE('',*,*,#992,.T.);
#3450 = ORIENTED_EDGE('',*,*,#3436,.T.);
#3451 = ORIENTED_EDGE('',*,*,#1907,.F.);
#3452 = ORIENTED_EDGE('',*,*,#3395,.F.);
#3453 = PLANE('',#3454);
#3454 = AXIS2_PLACEMENT_3D('',#3455,#3456,#3457);
#3455 = CARTESIAN_POINT('',(198.42,-63.79,-4.6E-02));
#3456 = DIRECTION('',(-1.,0.,0.));
#3457 = DIRECTION('',(0.,1.,0.));
#3458 = ADVANCED_FACE('',(#3459),#3470,.F.);
#3459 = FACE_BOUND('',#3460,.T.);
#3460 = EDGE_LOOP('',(#3461,#3462,#3468,#3469));
#3461 = ORIENTED_EDGE('',*,*,#1017,.T.);
#3462 = ORIENTED_EDGE('',*,*,#3463,.T.);
#3463 = EDGE_CURVE('',#1018,#1933,#3464,.T.);
#3464 = LINE('',#3465,#3466);
#3465 = CARTESIAN_POINT('',(207.6,-66.4,-4.6E-02));
#3466 = VECTOR('',#3467,1.);
#3467 = DIRECTION('',(0.,0.,1.));
#3468 = ORIENTED_EDGE('',*,*,#1932,.F.);
#3469 = ORIENTED_EDGE('',*,*,#3463,.F.);
#3470 = CYLINDRICAL_SURFACE('',#3471,0.5);
#3471 = AXIS2_PLACEMENT_3D('',#3472,#3473,#3474);
#3472 = CARTESIAN_POINT('',(207.6,-65.9,-4.6E-02));
#3473 = DIRECTION('',(-0.,-0.,-1.));
#3474 = DIRECTION('',(-0.,-1.,0.));
#3475 = ADVANCED_FACE('',(#3476),#3487,.F.);
#3476 = FACE_BOUND('',#3477,.T.);
#3477 = EDGE_LOOP('',(#3478,#3479,#3485,#3486));
#3478 = ORIENTED_EDGE('',*,*,#1028,.T.);
#3479 = ORIENTED_EDGE('',*,*,#3480,.T.);
#3480 = EDGE_CURVE('',#1029,#1944,#3481,.T.);
#3481 = LINE('',#3482,#3483);
#3482 = CARTESIAN_POINT('',(210.1,-66.4,-4.6E-02));
#3483 = VECTOR('',#3484,1.);
#3484 = DIRECTION('',(0.,0.,1.));
#3485 = ORIENTED_EDGE('',*,*,#1943,.F.);
#3486 = ORIENTED_EDGE('',*,*,#3480,.F.);
#3487 = CYLINDRICAL_SURFACE('',#3488,0.5);
#3488 = AXIS2_PLACEMENT_3D('',#3489,#3490,#3491);
#3489 = CARTESIAN_POINT('',(210.1,-65.9,-4.6E-02));
#3490 = DIRECTION('',(-0.,-0.,-1.));
#3491 = DIRECTION('',(-0.,-1.,0.));
#3492 = ADVANCED_FACE('',(#3493),#3504,.F.);
#3493 = FACE_BOUND('',#3494,.T.);
#3494 = EDGE_LOOP('',(#3495,#3496,#3502,#3503));
#3495 = ORIENTED_EDGE('',*,*,#1039,.T.);
#3496 = ORIENTED_EDGE('',*,*,#3497,.T.);
#3497 = EDGE_CURVE('',#1040,#1955,#3498,.T.);
#3498 = LINE('',#3499,#3500);
#3499 = CARTESIAN_POINT('',(214.7,-63.05,-4.6E-02));
#3500 = VECTOR('',#3501,1.);
#3501 = DIRECTION('',(0.,0.,1.));
#3502 = ORIENTED_EDGE('',*,*,#1954,.F.);
#3503 = ORIENTED_EDGE('',*,*,#3497,.F.);
#3504 = CYLINDRICAL_SURFACE('',#3505,0.75);
#3505 = AXIS2_PLACEMENT_3D('',#3506,#3507,#3508);
#3506 = CARTESIAN_POINT('',(214.7,-62.3,-4.6E-02));
#3507 = DIRECTION('',(-0.,-0.,-1.));
#3508 = DIRECTION('',(-0.,-1.,0.));
#3509 = ( GEOMETRIC_REPRESENTATION_CONTEXT(3) 
GLOBAL_UNCERTAINTY_ASSIGNED_CONTEXT((#3513)) 
GLOBAL_UNIT_ASSIGNED_CONTEXT((#3510,#3511,#3512)) REPRESENTATION_CONTEXT
('Context #1','3D Context with UNIT and UNCERTAINTY') );
#3510 = ( LENGTH_UNIT() NAMED_UNIT(*) SI_UNIT(.MILLI.,.METRE.) );
#3511 = ( NAMED_UNIT(*) PLANE_ANGLE_UNIT() SI_UNIT($,.RADIAN.) );
#3512 = ( NAMED_UNIT(*) SI_UNIT($,.STERADIAN.) SOLID_ANGLE_UNIT() );
#3513 = UNCERTAINTY_MEASURE_WITH_UNIT(LENGTH_MEASURE(1.E-07),#3510,
  'distance_accuracy_value','confusion accuracy');
#3514 = CONTEXT_DEPENDENT_SHAPE_REPRESENTATION(#3515,#3517);
#3515 = ( REPRESENTATION_RELATIONSHIP('','',#32,#10) 
REPRESENTATION_RELATIONSHIP_WITH_TRANSFORMATION(#3516) 
SHAPE_REPRESENTATION_RELATIONSHIP() );
#3516 = ITEM_DEFINED_TRANSFORMATION('','',#11,#15);
#3517 = PRODUCT_DEFINITION_SHAPE('Placement','Placement of an item',
  #3518);
#3518 = NEXT_ASSEMBLY_USAGE_OCCURRENCE('1','=>[0:1:1:2]','',#5,#27,$);
#3519 = PRODUCT_RELATED_PRODUCT_CATEGORY('part',$,(#29));
#3520 = MECHANICAL_DESIGN_GEOMETRIC_PRESENTATION_REPRESENTATION('',(
    #3521),#3509);
#3521 = STYLED_ITEM('color',(#3522),#33);
#3522 = PRESENTATION_STYLE_ASSIGNMENT((#3523));
#3523 = SURFACE_STYLE_USAGE(.BOTH.,#3524);
#3524 = SURFACE_SIDE_STYLE('',(#3525));
#3525 = SURFACE_STYLE_FILL_AREA(#3526);
#3526 = FILL_AREA_STYLE('',(#3527));
#3527 = FILL_AREA_STYLE_COLOUR('',#3528);
#3528 = COLOUR_RGB('',0.204454873135,0.204454873135,0.204454873135);
ENDSEC;
END-ISO-10303-21;
